,CLAVE,SITIO,ESTADO,MUNICIPIO,CUENCA,CUERPO DE AGUA,TIPO,SUBTIPO,LONGITUD,LATITUD,PERIODO,DBO_mgL,CALIDAD_DBO,DQO_mgL,CALIDAD_DQO,SST_mgL,CALIDAD_SST,COLI_FEC_NMP_100mL,CALIDAD_COLI_FEC,SEMAFORO,CONTAMINANTES,,SEMAFOROO
34,DLDUR0003RNL,RIO TUNAL EL NAYAR,DURANGO,DURANGO,RIO DURANGO,RIO TUNAL ,LOTICO,RIO,-104.68379,23.96243,2023,2,Excelente,12,Buena calidad,20,Excelente,4600,Contaminada,Amarillo,"CF,",,Rojo
36,DLDUR0005RNL,ACEQUIA GRANDE AGUAS ABAJO PTAR ORIENTE,DURANGO,DURANGO,RIO DURANGO,ACEQUIA GRANDE,LOTICO,ARROYO,-104.59908,24.02897,2023,52.666,Contaminada,146,Contaminada,20,Excelente,430000,Fuertemente contaminada,Rojo,"DBO,DQO,CF,OD%L,",,Rojo
40,DLDUR0009RNL,PUENTE EL ARENAL,DURANGO,DURANGO,RIO DURANGO,RIO DURANGO,LOTICO,RIO,-104.42666,24.04222,2023,19.4,Aceptable,143.333,Contaminada,126,Aceptable,400,Aceptable,Rojo,"DQO,OD%L,",,Rojo
41,DLDUR0010RNL,HEROE DE NACOZARI (INDEPENDENCIA Y LIBERTAD),DURANGO,DURANGO,RIO DURANGO,RIO DURANGO,LOTICO,RIO,-104.37805,24.02083,2023,13.46965,Aceptable,84,Contaminada,30,Buena calidad,300,Aceptable,Rojo,"DQO,",,Rojo
46,DLDUR0018RNL,RIO TUNAL SAN FELIPE,DURANGO,DURANGO,RIO DURANGO,RIO TUNAL ,LOTICO,RIO,-104.58598,23.99843,2023,15.667,Aceptable,44.333,Contaminada,20,Excelente,240000,Fuertemente contaminada,Rojo,"DQO,CF,",,Rojo
47,DLDUR0019RNL,ARROYO SECO ANTES CONFLUENCIA RIO TUNAL,DURANGO,DURANGO,RIO DURANGO,ARROYO SECO,LOTICO,ARROYO,-104.5937,23.99416,2023,28.7555,Aceptable,30,Aceptable,20,Excelente,90000,Fuertemente contaminada,Amarillo,"CF,OD%L,",,Rojo
48,DLDUR0020RNL,RIO TUNAL PUENTE LIBRAMIENTO ZACATECAS,DURANGO,DURANGO,RIO DURANGO,RIO TUNAL ,LOTICO,RIO,-104.53231,24.05419,2023,8.522,Aceptable,53.333,Contaminada,20,Excelente,300,Aceptable,Rojo,"DQO,",,Rojo
77,DLNAY0021RNL,LAGUNA EL CERRO (EJIDO LAS PILAS),NAYARIT,ROSAMORADA ,RIO ROSA MORADA 2,SUPERFICIAL ,LENTICO,LAGUNA,-105.17069,22.04795,2023,2,Excelente,54,Contaminada,27.27,Buena calidad,10,Excelente,Rojo,"DQO,",,Rojo
78,DLNAY1848,LA ESCONDIDA,NAYARIT,TEPIC,RIO SANTIAGO 6,RIO MOLOLOA,LÓTICO,RIO,-104.89884,21.57551,2023,5.92,Buena calidad,20,Buena calidad,37.5,Buena calidad,17300000,Fuertemente contaminada,Amarillo,"CF,",,Rojo
81,DLPUE0002RNL,P2 LAGUNA DE SAN JUAN EPATLAN (EN DIRECCION A LA DESCARGA DE LA PTAR DEL MUNICIPIO DE XOCHILTEPEC),PUEBLA,EPATLAN,RIO NEXAPA,LAGUNA DE EPATLAN,LÉNTICO,LAGUNA,-98.35386,18.63548,2023,42.1,Contaminada,72.61,Contaminada,20,Excelente,430,Aceptable,Rojo,"DBO,DQO,",,Rojo
92,DLPUE1988,AGUAS ABAJO DE LA DESCARGA TEXTIL ZALDO,PUEBLA,CUAUTLANCINGO,RIO ALTO ATOYAC,RIO ATOYAC,LÓTICO A - TIPO 1,RIO,-98.22961,19.12423,2023,187,Fuertemente contaminada,296.04,Fuertemente contaminada,252,Contaminada,11000000,Fuertemente contaminada,Rojo,"DBO,DQO,SST,CF,E_COLI,",,Verde
93,DLPUE1989,LA AUTOPISTA P1 (24),PUEBLA,PUEBLA,RIO ALTO ATOYAC,RIO ATOYAC,LÓTICO,RIO,-98.23744,19.10108,2023,101.2,Contaminada,189.63,Contaminada,145,Aceptable,33000000,Fuertemente contaminada,Rojo,"DBO,DQO,CF,E_COLI,",,Verde
94,DLPUE1991W1,ANTES DE LA PLANTA DE TRATAMIENTO BARRANCA DEL CONDE,PUEBLA,CUAUTLANCINGO,RIO ALTO ATOYAC,RIO ATOYAC,LÓTICO A - TIPO 1,RIO,-98.23675,19.09719,2023,105.7,Contaminada,131.11,Contaminada,148,Aceptable,460000000,Fuertemente contaminada,Rojo,"DBO,DQO,CF,E_COLI,",,Verde
95,DLPUE1992,"RA-17 RIO ATOYAC, AGUAS ABAJO DE LA BARRANCA DEL CONDE",PUEBLA,CUAUTLANCINGO,RIO ALTO ATOYAC,RIO ATOYAC,LÓTICO A - TIPO 1,RIO,-98.23917,19.09425,2023,110.3,Contaminada,169.17,Contaminada,152,Contaminada,43000000,Fuertemente contaminada,Rojo,"DBO,DQO,SST,CF,E_COLI,",,Verde
96,DLPUE1992M1,"RA-1 RIO ATOYAC, ANTES TLAHUAPAN (ESTACIÓN TESTIGO)",PUEBLA,TLAHUAPAN,RIO ALTO ATOYAC,RIO ATOYAC,LÓTICO,ARROYO,-98.51524,19.36776,2023,17.45,Aceptable,53.66,Contaminada,20,Excelente,11000000,Fuertemente contaminada,Rojo,"DQO,CF,",,Verde
97,DLPUE1993,AGUAS ABAJO DEL COLECTOR PANZACOLA,PUEBLA,CUAUTLANCINGO,RIO ALTO ATOYAC,RIO ATOYAC,LÓTICO A - TIPO 1,RIO,-98.2373,19.15612,2023,115.7,Contaminada,200.76,Fuertemente contaminada,140,Aceptable,23000000,Fuertemente contaminada,Rojo,"DBO,DQO,CF,E_COLI,",,Verde
98,DLPUE2012,RIO ATOTONILCO,PUEBLA,SAN SALVADOR EL VERDE,RIO ALTO ATOYAC,RIO ATOTONILCO,LÓTICO A - TIPO 1,RIO,-98.458,19.32619,2023,22.9,Aceptable,64.4,Contaminada,20,Excelente,20000,Fuertemente contaminada,Rojo,"DQO,CF,",,Verde
99,DLPUE2013,ANTES DE LA CONFLUENCIA CON EL RIO ATOTONILCO,PUEBLA,SAN SALVADOR EL VERDE,RIO ALTO ATOYAC,RIO ATOYAC,LÓTICO A - TIPO 1,RIO,-98.46104,19.32276,2023,20.35,Aceptable,64.4,Contaminada,20,Excelente,11000000,Fuertemente contaminada,Rojo,"DQO,CF,",,Verde
109,DLPUE2022M1,BARRANCA HONDA,PUEBLA,PUEBLA,RIO ALTO ATOYAC,BARRANCA HONDA,LÓTICO,RIO,-98.2275,19.11548,2023,352,Fuertemente contaminada,702,Fuertemente contaminada,226.67,Contaminada,93000000,Fuertemente contaminada,Rojo,"DBO,DQO,SST,CF,E_COLI,",,Amarillo
110,DLPUE2050,ATOYAC LA CARMELITA P1 (26),PUEBLA,PUEBLA,RIO ALTO ATOYAC,RIO ATOYAC,LÓTICO,RIO,-98.26461,18.99215,2023,135,Fuertemente contaminada,210.74,Fuertemente contaminada,215,Contaminada,43000000,Fuertemente contaminada,Rojo,"DBO,DQO,SST,CF,",,Amarillo
111,DLPUE2053,ECHEVERRIA ANTES DE LA PLANTA DE TRATAMIENTO ATOYAC SUR,PUEBLA,PUEBLA,RIO ALTO ATOYAC,RIO ATOYAC,LÓTICO,RIO,-98.27811,18.97201,2023,121,Fuertemente contaminada,241.47,Fuertemente contaminada,104,Aceptable,150000000,Fuertemente contaminada,Rojo,"DBO,DQO,CF,",,Amarillo
114,DLPUE2057,PRESA MANUEL AVILA CAMACHO 1,PUEBLA,PUEBLA,RIO ALTO ATOYAC,PRESA MANUEL AVILA CAMACHO,LÉNTICO (HUMEDAL),PRESA,-98.19187,18.92408,2023,16.13,Aceptable,60.82,Contaminada,20,Excelente,40000,Fuertemente contaminada,Rojo,"DQO,CF,",,Amarillo
117,DLPUE2064,PUENTE SAN FRANCISCO TOTIMEHUACAN,PUEBLA,PUEBLA,RIO ALTO ATOYAC,RIO ALSESECA,LÓTICO (HUMEDAL),RIO,-98.18956,18.96966,2023,359,Fuertemente contaminada,667.34,Fuertemente contaminada,370,Contaminada,430000000,Fuertemente contaminada,Rojo,"DBO,DQO,SST,CF,",,Amarillo
118,DLPUE2065,PRESA MANUEL AVILA CAMACHO 5,PUEBLA,PUEBLA,RIO ALTO ATOYAC,PRESA MANUEL AVILA CAMACHO,LÉNTICO (HUMEDAL),PRESA,-98.18208,18.91068,2023,24.1,Aceptable,60.82,Contaminada,20,Excelente,1500000,Fuertemente contaminada,Rojo,"DQO,CF,",,Amarillo
119,DLPUE2068,PRESA MANUEL AVILA CAMACHO 6,PUEBLA,PUEBLA,RIO ALTO ATOYAC,PRESA MANUEL AVILA CAMACHO,LÉNTICO (HUMEDAL),PRESA,-98.16672,18.90425,2023,22.5,Aceptable,57.24,Contaminada,20,Excelente,2100000,Fuertemente contaminada,Rojo,"DQO,CF,",,Verde
120,DLPUE2070,MANUEL AVILA CAMACHO (OBRA DE TOMA) P1(32),PUEBLA,PUEBLA,RIO BAJO ATOYAC,PRESA MANUEL AVILA CAMACHO,LÉNTICO (HUMEDAL),PRESA,-98.10851,18.91253,2023,23.9,Aceptable,53.66,Contaminada,20,Excelente,230000,Fuertemente contaminada,Rojo,"DQO,CF,",,Verde
122,DLPUE2074M1,SANTA MARÍA TEXMELUCAN,PUEBLA,TLAHUAPAN,RIO ALTO ATOYAC,RIO ATOYAC,LÓTICO,RIO,-98.54273,19.28912,2023,11.57,Aceptable,26.43,Aceptable,20,Excelente,4000,Contaminada,Amarillo,"CF,",,Verde
123,DLPUE6528,ATOYAC DESPUES DE LA CONFLUENCIA DEL ZAHUAPAN,PUEBLA,CUAUTLANCINGO,RIO ALTO ATOYAC,RIO ATOYAC,LÓTICO A - TIPO 1,RIO,-98.23805,19.15785,2023,97.6,Contaminada,146.71,Contaminada,80,Aceptable,93000000,Fuertemente contaminada,Rojo,"DBO,DQO,CF,E_COLI,",,Verde
124,DLPUE6529,ATOYAC ANTES DE LA CONFLUENCIA DEL ZAHUAPAN,PUEBLA,CUAUTLANCINGO,RIO ALTO ATOYAC,RIO ATOYAC,LÓTICO A - TIPO 1,RIO,-98.23858,19.15794,2023,194.5,Fuertemente contaminada,378.36,Fuertemente contaminada,180,Contaminada,23000000,Fuertemente contaminada,Rojo,"DBO,DQO,SST,CF,E_COLI,",,Amarillo
127,DLSAN0041RNL,SITIOS OBSERVADOS EN AUDITORIA 10-016-B00-0087. TIERRA BLANCA,SAN LUIS POTOSI,TAMAZUNCHALE,RIO MOCTEZUMA,RIO MOCTEZUMA,LOTICO,RIO,-98.86863,21.24365,2023,2,Excelente,12,Buena calidad,20,Excelente,80000,Fuertemente contaminada,Amarillo,"CF,",,Verde
130,DLSAN0086RNL,RLM VASO DE LA PRESA EL REALITO,GUANAJUATO,SAN LUIS DE LA PAZ,RIO SANTA MARIA 1,PRESA EL REALITO ,LENTICO ,PRESA ,-100.2356,21.60743,2023,16.33,Aceptable,64,Contaminada,41.7,Buena calidad,12000,Fuertemente contaminada,Rojo,"DQO,CF,",,Verde
132,DLSAN0088RNL,"RLM, GALERIA, PRESA EL REALITO",GUANAJUATO,SAN LUIS DE LA PAZ,RIO SANTA MARIA 1,PRESA EL REALITO ,LENTICO ,PRESA ,-100.23583,21.60659,2023,11.41,Aceptable,51,Contaminada,38.7,Buena calidad,16000,Fuertemente contaminada,Rojo,"DQO,CF,",,Verde
133,DLSAN0089RNL,"RLM, OBRA DE TOMA, PRESA EL REALITO",GUANAJUATO,SAN LUIS DE LA PAZ,RIO SANTA MARIA 1,PRESA EL REALITO ,LENTICO ,PRESA ,-100.23675,21.60651,2023,6.67,Aceptable,21,Aceptable,20,Excelente,4400,Contaminada,Amarillo,"CF,",,Verde
134,DLSAN0090RNL,"RIO FLORIDO ""AGUAS ABAJO DEL SITIO DE LA MORTANDAD DE PECES""",SAN LUIS POTOSI,TAMPAMOLON CORONA,R. TAMUIN,RIO FLORIDO,LOTICO,RIO,-98.80353,21.54214,2023,8.05,Aceptable,33,Aceptable,20,Excelente,3300,Contaminada,Amarillo,"CF,",,Verde
135,DLSAN0091RNL,"RIO FLORIDO ""SITIO DONDE DETECTARON LA MORTANDAD DE PECES""",SAN LUIS POTOSI,TAMPAMOLON CORONA,R. TAMUIN,RIO FLORIDO,LOTICO,RIO,-98.80689,21.54222,2023,5.75,Buena calidad,26,Aceptable,20,Excelente,300000,Fuertemente contaminada,Amarillo,"CF,",,Amarillo
138,DLSAN0105RNL,AGUAS ARRIBA ESTACION HIDROMETRICA MICOS,SAN LUIS POTOSI,CIUDAD VALLES,R. TAMUIN,RIO EL SALTO,LOTICO,RIO,-99.16711,22.11634,2023,2,Excelente,27.2,Aceptable,20,Excelente,1100,Contaminada,Amarillo,"CF,",,Verde
139,DLSAN0106RNL,AGUAS ABAJO ESTACION HIDROMETRICA MICOS,SAN LUIS POTOSI,CIUDAD VALLES,R. TAMUIN,RIO EL SALTO,LOTICO,RIO,-99.1594,22.10966,2023,2,Excelente,27.2,Aceptable,20,Excelente,1300,Contaminada,Amarillo,"CF,",,Rojo
147,DLSAN2367,TAMUIN,SAN LUIS POTOSI,TAMUÍN,RIO MOCTEZUMA 5,RIO TAMUIN O TAMPAON,LÓTICO (HUMEDAL),RIO,-98.75941,21.99941,2023,2,Excelente,12,Buena calidad,20,Excelente,2200,Contaminada,Amarillo,"CF,OD%L,",,Verde
148,DLSAN2392,"CITROFRUT, S.A. DE C.V. (AGUAS ABAJO)",SAN LUIS POTOSI,COXCATLÁN,RIO HUICHIHUAYÁN,RIO HUICHIHUAYAN,LÓTICO,RIO,-98.95701,21.47138,2023,2,Excelente,22,Aceptable,20,Excelente,9800,Contaminada,Amarillo,"CF,",,Verde
149,DLTLA0003RNL,RIO ZAHUAPAN - DERIVADORA PANOTLA CONATLAX-2552-RZ3,TLAXCALA,SAN JUAN TOTOLAC,ALTO BALSAS,RIO ZAHUAPAN,LÓTICO,RIO,-98.262,19.3119,2023,115,Contaminada,238,Fuertemente contaminada,96.66666667,Aceptable,13200000,Fuertemente contaminada,Rojo,"DBO,DQO,CF,",,Verde
151,DLTLA0012RNL,APORTE 1 LAGUNA CHATLAL,TLAXCALA,ZACATELCO,ALTO BALSAS,LAGUNA CHATLAL,LÉNTICO,LAGUNA,-98.24988,19.19935,2023,52.975,Contaminada,123.5,Contaminada,186.6666667,Contaminada,7025,Contaminada,Rojo,"DBO,DQO,SST,CF,",,Rojo
153,DLTLA0014RNL,CENTRO LAGUNA CHATLAL,TLAXCALA,ZACATELCO,ALTO BALSAS,LAGUNA CHATLAL,LÉNTICO,LAGUNA,-98.25029,19.19851,2023,53.82,Contaminada,100.5,Contaminada,113.3333333,Aceptable,2045,Contaminada,Rojo,"DBO,DQO,CF,",,Rojo
154,DLTLA0102RNL,PRESA EL MUERTO ZONA BUENA VISTA,TLAXCALA,TLAXCO,ALTO BALSAS,PRESA EL MUERTO,LÉNTICO,PRESA,-98.29277,19.58521,2023,34.2,Contaminada,52,Contaminada,20,Excelente,1890,Contaminada,Rojo,"DBO,DQO,CF,",,Verde
155,DLTLA0103RNL,PRESA EL MUERTO ENTRADA A JOSE M.M BUENA VISTA,TLAXCALA,TLAXCO,ALTO BALSAS,PRESA EL MUERTO,LÉNTICO,PRESA,-98.28706,19.57787,2023,37.35,Contaminada,67,Contaminada,20,Excelente,39,Excelente,Rojo,"DBO,DQO,",,Verde
156,DLTLA0104RNL,PRESA EL MUERTO SAN ANDRES BUENA VISTA,TLAXCALA,TLAXCO,ALTO BALSAS,PRESA EL MUERTO,LÉNTICO,PRESA,-98.28986,19.57822,2023,43.35,Contaminada,75,Contaminada,20,Excelente,930,Aceptable,Rojo,"DBO,DQO,",,Verde
157,DLTLA0105RNL,DESCARGA CIX 1 TETLA ,TLAXCALA,TETLA,ALTO BALSAS,ARROYO LOS AMEYALES,LÓTICO,DESCARGA,-98.04836,19.47545,2023,376.2,Fuertemente contaminada,425,Fuertemente contaminada,20,Excelente,20000000,Fuertemente contaminada,Rojo,"DBO,DQO,CF,",,Verde
165,DLTLA0167RNL,RIO DE LOS NEGROS 1909232001,TLAXCALA,SANTA ANA CHIAUTEMPAN,ALTO BALSAS,RIO DE LOS NEGROS,LÓTICO,RIO,-98.21222,19.32306,2023,225,Fuertemente contaminada,317,Fuertemente contaminada,70,Buena calidad,200000,Fuertemente contaminada,Rojo,"DBO,DQO,CF,",,Rojo
166,DLTLA0168RNL,RIO LOS BRIONES 1909232002,TLAXCALA,SANTA ANA CHIAUTEMPAN,ALTO BALSAS,RIO BRIONES,LÓTICO,RIO,-98.21194,19.32361,2023,89.4,Contaminada,116,Contaminada,33.33333333,Buena calidad,230000,Fuertemente contaminada,Rojo,"DBO,DQO,CF,",,Amarillo
167,DLTLA0169RNL,CONFLUENCIA BRIONES - NEGROS 1909232023,TLAXCALA,SANTA ANA CHIAUTEMPAN,ALTO BALSAS,RIO BRIONES,LÓTICO,RIO,-98.21639,19.32694,2023,55.68,Contaminada,70,Contaminada,63.33333333,Buena calidad,5100,Contaminada,Rojo,"DBO,DQO,CF,",,Rojo
168,DLTLA0171RNL,BARRANCA BRIONES,TLAXCALA,SANTA ANA CHIAUTEMPAN,ALTO BALSAS,RIO BRIONES,LÓTICO,RIO,-98.16167,19.3025,2023,354.6,Fuertemente contaminada,444,Fuertemente contaminada,56.66666667,Buena calidad,2070000,Fuertemente contaminada,Rojo,"DBO,DQO,CF,",,Rojo
169,DLTLA0172RNL,3001 SAN SEBASTIAN ATLAHAPA,TLAXCALA,TLAXCALA,ALTO BALSAS,LAGUNA ACUITLAPILCO,LÉNTICO,LAGUNA,-98.22719,19.28094,2023,93.6,Contaminada,108,Contaminada,80,Aceptable,50000,Fuertemente contaminada,Rojo,"DBO,DQO,CF,",,Verde
170,DLTLA0173RNL,3002 SANTA MARIA ACUITLAPILCO,TLAXCALA,TLAXCALA,ALTO BALSAS,LAGUNA ACUITLAPILCO,LÉNTICO,LAGUNA,-98.22681,19.27844,2023,87.3,Contaminada,122,Contaminada,95,Aceptable,300000,Fuertemente contaminada,Rojo,"DBO,DQO,CF,",,Amarillo
171,DLTLA0174RNL,3003 SANTA MARIA ACUITLAPILCO,TLAXCALA,SANTA ISABEL XILOXOXTLA,ALTO BALSAS,LAGUNA ACUITLAPILCO,LÉNTICO,LAGUNA,-98.22942,19.27556,2023,29.7,Aceptable,41,Contaminada,35,Buena calidad,12000,Fuertemente contaminada,Rojo,"DQO,CF,",,Rojo
172,DLTLA0175RNL,3004 SANTIAGO TLACOCHCALCO,TLAXCALA,SANTA ISABEL XILOXOXTLA,ALTO BALSAS,LAGUNA ACUITLAPILCO,LÉNTICO,LAGUNA,-98.2295,19.27228,2023,56.4,Contaminada,75,Contaminada,50,Buena calidad,27000,Fuertemente contaminada,Rojo,"DBO,DQO,CF,",,Verde
173,DLTLA0176RNL,3005 SANTIAGO TLACOCHCALCO,TLAXCALA,TEPEYANCO,ALTO BALSAS,LAGUNA ACUITLAPILCO,LÉNTICO,LAGUNA,-98.22631,19.27175,2023,68.6,Contaminada,95,Contaminada,95,Aceptable,42000,Fuertemente contaminada,Rojo,"DBO,DQO,CF,",,Verde
174,DLTLA0177RNL,3006 SANTA ISABEL XILOXOXTLA,TLAXCALA,TEPEYANCO,ALTO BALSAS,LAGUNA ACUITLAPILCO,LÉNTICO,LAGUNA,-98.22942,19.27556,2023,80.1,Contaminada,123,Contaminada,135,Aceptable,9000,Contaminada,Rojo,"DBO,DQO,CF,",,Amarillo
177,DLTLA0180RNL,26092310 03 CONFLUENCIA RIO TLAXCO - RIO ATOTONILCO,TLAXCALA,TLAXCO,ALTO BALSAS,RIO ZAHUAPAN,LÓTICO,RIO,-98.12453,19.59846,2023,64.8,Contaminada,90,Contaminada,290,Contaminada,175000,Fuertemente contaminada,Rojo,"DBO,DQO,SST,CF,",,Rojo
178,DLTLA0181RNL,26092310 04 AGUAS ABAJO PTAR,TLAXCALA,TLAXCO,ALTO BALSAS,RIO ZAHUAPAN,LÓTICO,RIO,-98.15184,19.57602,2023,122.25,Fuertemente contaminada,249,Fuertemente contaminada,115,Aceptable,20000000,Fuertemente contaminada,Rojo,"DBO,DQO,CF,",,Amarillo
179,DLTLA0182RNL,ATOYAC DESPUES DE LA CONFLUENCIA DEL ZAHUAPAN,TLAXCALA,PAPALOTLA DE XICOHTENCATL,ALTO BALSAS,RIO ZAHUAPAN,LÓTICO,RIO,-98.23597,19.15733,2023,109.8,Contaminada,281,Fuertemente contaminada,300,Contaminada,600000,Fuertemente contaminada,Rojo,"DBO,DQO,SST,CF,",,Verde
180,DLTLA2543,AF-6 BARRANCA ATLAPLITZ,TLAXCALA,TENANCINGO,RIO ALTO ATOYAC,BARRANCA ATLAPITZ,LÓTICO A - TIPO 1,RIO,-98.22425,19.13814,2023,87,Contaminada,274,Fuertemente contaminada,275,Contaminada,2700000,Fuertemente contaminada,Rojo,"DBO,DQO,SST,CF,",,Verde
181,DLTLA2544,ATOYAC-PANZACOLA,TLAXCALA,PAPALOTLA DE XICOHTÉNCATL,RIO ALTO ATOYAC,RIO ATOYAC,LÓTICO,RIO,-98.22901,19.15195,2023,106.8,Contaminada,385,Fuertemente contaminada,110,Aceptable,44000000,Fuertemente contaminada,Rojo,"DBO,DQO,CF,",,Verde
182,DLTLA2545,ANTES DE LA CONFLUENCIA CON EL RIO ATOYAC,TLAXCALA,PAPALOTLA DE XICOHTÉNCATL,RIO ALTO ATOYAC,RIO ZAHUAPAN,LÓTICO A - TIPO 4,RIO,-98.23926,19.15874,2023,170.5875,Fuertemente contaminada,285,Fuertemente contaminada,134,Aceptable,8100000,Fuertemente contaminada,Rojo,"DBO,DQO,CF,",,Verde
183,DLTLA2546,TLAPALAC ANTES DE CONFLUENCIA CON RIO ATOYAC,PUEBLA,CUAUTLANCINGO,RIO ALTO ATOYAC,TLAPALAC,LÓTICO,RIO,-98.24297,19.15709,2023,229.2,Fuertemente contaminada,366,Fuertemente contaminada,120,Aceptable,6500000,Fuertemente contaminada,Rojo,"DBO,DQO,CF,",,Verde
184,DLTLA2547,"RA-12 RIO ATOYAC, ANTES DE LA CONFLUENCIA CON EL RIO ZAHUAPAN",PUEBLA,CUAUTLANCINGO,RIO ALTO ATOYAC,RIO ATOYAC,LÓTICO A - TIPO 1,RIO,-98.24199,19.15754,2023,93.75,Contaminada,278,Fuertemente contaminada,125,Aceptable,4100000,Fuertemente contaminada,Rojo,"DBO,DQO,CF,",,Verde
185,DLTLA2548,RIO VIEJO ANTES DE LA CONFLUENCIA CON EL RIO ZAHUAPAN,TLAXCALA,ZACATELCO,RIO ALTO ATOYAC,RIO VIEJO,LÓTICO A - TIPO 4,RIO,-98.25524,19.17606,2023,199.7,Fuertemente contaminada,319.5,Fuertemente contaminada,106.5,Aceptable,300000,Fuertemente contaminada,Rojo,"DBO,DQO,CF,",,Verde
186,DLTLA2549,RIO ZAHUAPAN AGUAS ARRIBA DE PRESA SANTA AGUEDA,TLAXCALA,TETLATLAHUCA,RIO ALTO ATOYAC,RIO ZAHUAPAN,LÓTICO A - TIPO 4,RIO,-98.28909,19.19677,2023,154.35,Fuertemente contaminada,61,Contaminada,43.33333333,Buena calidad,5600000,Fuertemente contaminada,Rojo,"DBO,DQO,CF,",,Verde
187,DLTLA2550,BARRANCA SAMBRANO AGUAS ABAJO DESCARGA POLAQUIMIA,TLAXCALA,XALOZTOC,RIO ALTO ATOYAC,BARRANCA SAMBRANO,LÓTICO A - TIPO 4,RIO,-98.0744,19.4122,2023,214.875,Fuertemente contaminada,417,Fuertemente contaminada,175,Contaminada,14600000,Fuertemente contaminada,Rojo,"DBO,DQO,SST,CF,",,Verde
188,DLTLA2551,ANTES DE LA CONFLUENCIA CON EL RIO ZAHUAPAN,TLAXCALA,NATÍVITAS,RIO ALTO ATOYAC,RIO TOTOLAC ANTES DE LA CONFLUENCIA CON EL RIO ZAHUAPAN,LÓTICO A - TIPO 4,RIO,-98.2991,19.2745,2023,8.34,Aceptable,19,Buena calidad,20,Excelente,1900000,Fuertemente contaminada,Amarillo,"CF,",,Verde
190,DLTLA2554,"H2ORIZONTES, S.A. DE C.V. (AGUAS ABAJO)",TLAXCALA,TLAXCALA,RIO ALTO ATOYAC,RIO ZAHUAPAN,LÓTICO,RIO,-98.25089,19.32335,2023,31.57,Contaminada,84.5,Contaminada,90,Aceptable,10900000,Fuertemente contaminada,Rojo,"DBO,DQO,CF,",,Verde
191,DLTLA2555,BARRANCA HUEHUETITLA ANTES DE LA CONFLUENCIA CON EL RIO ZAHUAPAN,TLAXCALA,TOTOLAC,RIO ALTO ATOYAC,BARRANCA HUEHUETITLA,LÓTICO,RIO,-98.24957,19.3243,2023,47.2,Contaminada,70,Contaminada,43.33333333,Buena calidad,11000000,Fuertemente contaminada,Rojo,"DBO,DQO,CF,",,Verde
192,DLTLA2556,PUENTE CARRETERA TLAXCALA-SAN MARTIN (EL TREBOL),TLAXCALA,TLAXCALA,RIO ALTO ATOYAC,RIO ZAHUAPAN,LÓTICO,RIO,-98.2477,19.32413,2023,68.9,Contaminada,78.5,Contaminada,65.83333333,Buena calidad,9700000,Fuertemente contaminada,Rojo,"DBO,DQO,CF,",,Verde
193,DLTLA2558,RIO DE LOS NEGROS ANTES DE CONFLUENCIA CON RIO ZAHUAPAN,TLAXCALA,TLAXCALA,RIO ALTO ATOYAC,RIO DE LOS NEGROS,LÓTICO A - TIPO 4,RIO,-98.22016,19.3303,2023,77.7,Contaminada,163.5,Contaminada,93.33333333,Aceptable,10099000,Fuertemente contaminada,Rojo,"DBO,DQO,CF,",,Verde
194,DLTLA2559,RIO ATENCO ANTES DE CONFLUENCIA CON RIO ZAHUAPAN,TLAXCALA,AMAXAC DE GUERRERO,RIO ALTO ATOYAC,RIO ATENCO,LÓTICO A - TIPO 4,RIO,-98.1744,19.3516,2023,70.6,Contaminada,123,Contaminada,46.66666667,Buena calidad,1860000,Fuertemente contaminada,Rojo,"DBO,DQO,CF,",,Verde
195,DLTLA2560,RIO ZAHUAPAN AGUAS ARRIBA DE LA CASCADA ATLIHUETZIA,TLAXCALA,AMAXAC DE GUERRERO,RIO ALTO ATOYAC,RIO ZAHUAPAN,LÓTICO A - TIPO 4,RIO,-98.17809,19.36555,2023,20.4,Aceptable,43,Contaminada,53.33333333,Buena calidad,60000,Fuertemente contaminada,Rojo,"DQO,CF,",,Amarillo
196,DLTLA2561,RIO ZAHUAPAN AGUAS ABAJO DE LA CASCADA ATLIHUETZIA,TLAXCALA,AMAXAC DE GUERRERO,RIO ALTO ATOYAC,RIO ZAHUAPAN,LÓTICO A - TIPO 4,RIO,-98.17706,19.35918,2023,22.2,Aceptable,49,Contaminada,66.66666667,Buena calidad,210000,Fuertemente contaminada,Rojo,"DQO,CF,",,Amarillo
197,DLTLA2562,"PROCTER & GAMBLE MANUFACTURA, S. DE R.L. DE C.V. (AGUAS ABAJO)",TLAXCALA,YAUHQUEMEHCAN,RIO ALTO ATOYAC,ARROYO ATLIXTACA,LÓTICO,ARROYO,-98.16852,19.40639,2023,21.18,Aceptable,30,Aceptable,40,Buena calidad,9300000,Fuertemente contaminada,Amarillo,"CF,",,Verde
198,DLTLA2563,"PROCTER & GAMBLE MANUFACTURA, S. DE R.L. DE C.V. (AGUAS ARRIBA)",TLAXCALA,YAUHQUEMEHCAN,RIO ALTO ATOYAC,ARROYO ATLIXTACA,LÓTICO,DESCARGA,-98.16369,19.40944,2023,34.54285714,Contaminada,63,Contaminada,30,Buena calidad,11800000,Fuertemente contaminada,Rojo,"DBO,DQO,CF,",,Verde
199,DLTLA2564,RIO TEXCALAC ANTES DE LA CONFLUENCIA CON EL RIO ATENCO,TLAXCALA,APIZACO,RIO ALTO ATOYAC,RIO TEXCALAC,LÓTICO A - TIPO 4,RIO,-98.11952,19.4187,2023,71.55,Contaminada,103,Contaminada,125,Aceptable,10700000,Fuertemente contaminada,Rojo,"DBO,DQO,CF,",,Rojo
200,DLTLA2572,ZAHUAPAN-PRESA ATLANGA,TLAXCALA,ATLANGATEPEC,RIO ALTO ATOYAC,RIO ZAHUAPAN,LÓTICO,RIO,-98.21245,19.53875,2023,35.95,Contaminada,73,Contaminada,20,Excelente,6000,Contaminada,Rojo,"DBO,DQO,CF,",,Amarillo
201,DLTLA2576,AF-2 PTAR DM VILLALTA,TLAXCALA,TEPETITLA DE LARDIZÁBAL,RIO ALTO ATOYAC,RIO ATOYAC,LÓTICO A - TIPO 1,RIO,-98.4018,19.28801,2023,123.1625,Fuertemente contaminada,200.5,Fuertemente contaminada,160,Contaminada,2700000,Fuertemente contaminada,Rojo,"DBO,DQO,SST,CF,",,Verde
202,DLTLA2577,"RA-5 RIO ATOYAC, AGUAS ARRIBA DE LA BARRANCA CRUZTITLA",TLAXCALA,TEPETITLA DE LARDIZÁBAL,RIO ALTO ATOYAC,RIO ATOYAC,LÓTICO A - TIPO 1,RIO,-98.3697,19.27822,2023,119.9625,Contaminada,352.5,Fuertemente contaminada,75,Aceptable,4300000,Fuertemente contaminada,Rojo,"DBO,DQO,CF,",,Verde
203,DLTLA2578,AF-4 ARROYO ZANJA REAL,TLAXCALA,TEPETITLA DE LARDIZÁBAL,RIO ALTO ATOYAC,ARROYO ZANJA REAL,LÓTICO A - TIPO 1,ARROYO,-98.35902,19.25415,2023,38.9,Contaminada,52,Contaminada,100,Aceptable,670000,Fuertemente contaminada,Rojo,"DBO,DQO,CF,",,Rojo
204,DLTLA2579,AF-3 ARROYO CAPUENTE,TLAXCALA,TEPETITLA DE LARDIZÁBAL,RIO ALTO ATOYAC,ARROYO CAPUENTE (LOS PESOS),LÓTICO A - TIPO 1,RIO,-98.35933,19.26042,2023,21.075,Aceptable,30,Aceptable,55,Buena calidad,1700000,Fuertemente contaminada,Amarillo,"CF,",,Verde
205,DLTLA2580,AF-5 RIO SAN IGNACIO,TLAXCALA,NATÍVITAS,RIO ALTO ATOYAC,RIO SAN IGNACIO,LÓTICO A - TIPO 1,RIO,-98.35773,19.25299,2023,24.96,Aceptable,33,Aceptable,48,Buena calidad,8100000,Fuertemente contaminada,Amarillo,"CF,",,Rojo
206,DLTLA2581,"RA-7 RIO ATOYAC, ANTES DE LA CONFLUENCIA CON EL RIO XOCHIAC",TLAXCALA,NATÍVITAS,RIO ALTO ATOYAC,RIO ATOYAC,LÓTICO A - TIPO 1,RIO,-98.35898,19.25342,2023,60.325,Contaminada,90.5,Contaminada,135,Aceptable,3300000,Fuertemente contaminada,Rojo,"DBO,DQO,CF,",,Verde
207,DLTLA2582,"RA-10 RIO XOPANAC, ANTES DE LA CONFLUENCIA CON EL RIO ATOYAC",TLAXCALA,NATÍVITAS,RIO ALTO ATOYAC,RIO XOPANAC,LÓTICO A - TIPO 1,RIO,-98.33533,19.20443,2023,993,Fuertemente contaminada,119,Fuertemente contaminada,680,Fuertemente contaminada,20000000,Fuertemente contaminada,Rojo,"DBO,DQO,SST,CF,",,Verde
208,DLTLA2586,BARRANCA SAN COSME ANTES DE CONFLUENCIA CON BARRANCA SAMBRANO,TLAXCALA,APIZACO,ALTO BALSAS,BARRANCA SAN COSME,LÓTICO,ARROYO,-98.09494,19.42036,2023,127.2,Fuertemente contaminada,167,Contaminada,140,Aceptable,15800000,Fuertemente contaminada,Rojo,"DBO,DQO,CF,",,Verde
209,DLTLA2587,BARRANCA SAMBRANO ANTES DESCARGA POLAQUIMIA,TLAXCALA,XALOZTOC,ALTO BALSAS,BARRANCA SAMBRANO,LÓTICO,ARROYO,-98.07369,19.41178,2023,180,Fuertemente contaminada,346,Fuertemente contaminada,130,Aceptable,18100000,Fuertemente contaminada,Rojo,"DBO,DQO,CF,",,Amarillo
210,DLTLA2589,RIO ATENCO ANTES CELFIMEX/HOVOMEX,TLAXCALA,APIZACO,ALTO BALSAS,RIO ATENCO,LÓTICO,RIO,-98.13975,19.42489,2023,76.2,Contaminada,130,Contaminada,93.33333333,Aceptable,19600000,Fuertemente contaminada,Rojo,"DBO,DQO,CF,",,Rojo
211,DLTLA2590,RIO ATENCO APIZAQUITO,TLAXCALA,APIZACO,ALTO BALSAS,RIO ATENCO,LÓTICO,RIO,-98.12411,19.41836,2023,118.2,Contaminada,223,Fuertemente contaminada,70,Buena calidad,13000000,Fuertemente contaminada,Rojo,"DBO,DQO,CF,",,Rojo
212,DLTLA2591,RIO ATENCO FRACCIONAMIENTO DOÑA MARINA,TLAXCALA,TZOMPANTEPEC,ALTO BALSAS,RIO ATENCO,LÓTICO,RIO,-98.12125,19.39886,2023,59.55,Contaminada,138,Contaminada,80,Aceptable,20000000,Fuertemente contaminada,Rojo,"DBO,DQO,CF,",,Rojo
213,DLTLA2592,RIO ATENCO LIBRAMIENTO,TLAXCALA,APIZACO,ALTO BALSAS,RIO ATENCO,LÓTICO,RIO,-98.12625,19.38583,2023,174.75,Fuertemente contaminada,201,Fuertemente contaminada,75,Aceptable,6500000,Fuertemente contaminada,Rojo,"DBO,DQO,CF,",,Amarillo
214,DLTLA2593,RIO ATENCO PUENTE A HUAMANTLA,TLAXCALA,APIZACO,ALTO BALSAS,RIO ATENCO,LÓTICO,RIO,-98.12278,19.41278,2023,45.36,Contaminada,104,Contaminada,130,Aceptable,1860000,Fuertemente contaminada,Rojo,"DBO,DQO,CF,",,Rojo
215,DLTLA2594,RIO ATENCO PUENTE A TLAXCO,TLAXCALA,APIZACO,ALTO BALSAS,RIO ATENCO,LÓTICO,RIO,-98.13819,19.42294,2023,102,Contaminada,286,Fuertemente contaminada,45,Buena calidad,10600000,Fuertemente contaminada,Rojo,"DBO,DQO,CF,",,Rojo
216,DLTLA2595,RIO ATENCO SANTA CRUZ TLAXCALA,TLAXCALA,SANTA CRUZ TLAXCALA,ALTO BALSAS,RIO ATENCO,LÓTICO,RIO,-98.15458,19.35617,2023,80.6,Contaminada,149,Contaminada,53.33333333,Buena calidad,16600000,Fuertemente contaminada,Rojo,"DBO,DQO,CF,",,Rojo
217,DLTLA2596,RIO ATENCO SECUNDARIA,TLAXCALA,APIZACO,ALTO BALSAS,RIO ATENCO,LÓTICO,RIO,-98.12997,19.42097,2023,99,Contaminada,187,Contaminada,40,Buena calidad,19100000,Fuertemente contaminada,Rojo,"DBO,DQO,CF,",,Rojo
218,DLTLA2597,RIO ATOYAC DOMINGO ARENAS,TLAXCALA,ZACATELCO,ALTO BALSAS,RIO ATOYAC,LÓTICO,RIO,-98.29775,19.18214,2023,176.625,Fuertemente contaminada,235,Fuertemente contaminada,266.6666667,Contaminada,8800000,Fuertemente contaminada,Rojo,"DBO,DQO,SST,CF,",,Rojo
219,DLTLA2598,RIO ATOYAC PRESA SAN LUCAS,TLAXCALA,TEXMELUCAN/TEPETITLA,ALTO BALSAS,RIO ATOYAC,LÓTICO,RIO,-98.41844,19.28322,2023,36.7,Contaminada,62,Contaminada,53.33333333,Buena calidad,10200000,Fuertemente contaminada,Rojo,"DBO,DQO,CF,",,Rojo
220,DLTLA2599,DLTLX RIO TEXCALAC ANTES DE LA CONFLUENCIA CON RIO APIZAQUITO,TLAXCALA,APIZACO,ALTO BALSAS,RIO TEXCALAC,LÓTICO,RIO,-98.11644,19.42089,2023,41.625,Contaminada,129,Contaminada,135,Aceptable,18500000,Fuertemente contaminada,Rojo,"DBO,DQO,CF,",,Rojo
221,DLTLA2600,RIO ZAHUAPAN DOS ARROYOS,TLAXCALA,AMAXAC DE GUERRERO,ALTO BALSAS,RIO ZAHUAPAN,LÓTICO,RIO,-98.17883,19.34344,2023,81.6,Contaminada,111,Contaminada,36.66666667,Buena calidad,1670000,Fuertemente contaminada,Rojo,"DBO,DQO,CF,",,Rojo
222,DLTLA2601,RIO ZAHUAPAN LA MARTINICA,TLAXCALA,TLAXCO,ALTO BALSAS,RIO ZAHUAPAN,LÓTICO,RIO,-98.15186,19.57597,2023,88.475,Contaminada,114,Contaminada,50,Buena calidad,3700000,Fuertemente contaminada,Rojo,"DBO,DQO,CF,",,Rojo
223,DLTLA2602,RIO ZAHUAPAN MUÑOZ,TLAXCALA,MUÑOZ DE DOMINGO ARENAS,ALTO BALSAS,RIO ZAHUAPAN,LÓTICO,RIO,-98.21828,19.48297,2023,44.025,Contaminada,66,Contaminada,150,Contaminada,15000,Fuertemente contaminada,Rojo,"DBO,DQO,SST,CF,",,Rojo
224,DLTLA2603,RIO ZAHUAPAN SAN BENITO,TLAXCALA,YAUHQUEMEHCAN,ALTO BALSAS,RIO ZAHUAPAN,LÓTICO,RIO,-98.16708,19.40011,2023,37.6,Contaminada,50,Contaminada,50,Buena calidad,4400000,Fuertemente contaminada,Rojo,"DBO,DQO,CF,",,Rojo
225,DLTLA2604,RIO ZAHUAPAN TETLATLAHUCA,TLAXCALA,TETLATLAUCA,ALTO BALSAS,RIO ZAHUAPAN,LÓTICO,RIO,-98.30192,19.23861,2023,35.1,Contaminada,45,Contaminada,36.66666667,Buena calidad,6200000,Fuertemente contaminada,Rojo,"DBO,DQO,CF,",,Rojo
226,DLTLA2605,RIO ZAHUAPAN TEXOLOC,TLAXCALA,TEXOLOC,ALTO BALSAS,RIO ZAHUAPAN,LÓTICO,RIO,-98.29444,19.28947,2023,20.3,Aceptable,35,Aceptable,120,Aceptable,2300000,Fuertemente contaminada,Amarillo,"CF,",,Rojo
227,DLTLA2606,RIO ZAHUAPAN TIZATLAN,TLAXCALA,TLAXCALA,ALTO BALSAS,RIO ZAHUAPAN,LÓTICO,RIO,-98.21928,19.33064,2023,52.35,Contaminada,83,Contaminada,85,Aceptable,1500000,Fuertemente contaminada,Rojo,"DBO,DQO,CF,",,Rojo
228,DLTLA2607,RIO ZAHUAPAN XALTOCAN,TLAXCALA,XALTOCAN,ALTO BALSAS,RIO ZAHUAPAN,LÓTICO,RIO,-98.20956,19.42617,2023,50.64,Contaminada,77,Contaminada,120,Aceptable,1720000,Fuertemente contaminada,Rojo,"DBO,DQO,CF,",,Rojo
229,DLTLA2608,"RIO ZAHUAPAN ANTES DESCARGA APIZACO ""B""",TLAXCALA,YAUHQUEMEHCAN,ALTO BALSAS,RIO ZAHUAPAN,LÓTICO,RIO,-98.17131,19.40444,2023,12.48,Aceptable,28,Aceptable,36.66666667,Buena calidad,7000000,Fuertemente contaminada,Amarillo,"CF,",,Rojo
235,DLZAC0100RNL,RIO EL SITIO,ZACATECAS,NOCHISTLAN,RIO VERDE 1,RIO EL SITIO,LOTICO,RIO,-102.79927,21.34975,2023,2,Excelente,101,Contaminada,28,Buena calidad,4200,Contaminada,Rojo,"DQO,CF,",,Rojo
236,DLZAC2587M1,MOYAHUA,ZACATECAS,MOYAHUA DE ESTRADA,RIO JUCHIPILA 2,RIO JUCHIPILA,LÓTICO,RIO,-103.17879,21.24124,2023,2,Excelente,60,Contaminada,78,Aceptable,16,Excelente,Rojo,"DQO,",,Rojo
237,DLZAC2590M1,GENARO CODINA,ZACATECAS,GENARO CODINA,RIO SAN PEDRO,RIO SAN PEDRO,LÓTICO,RIO,-102.45479,22.48096,2023,27.7,Aceptable,298.9,Fuertemente contaminada,20,Excelente,64,Excelente,Rojo,"DQO,",,Rojo
238,DLZAC2591M1,CUAUHTEMOC,ZACATECAS,CUAUHTÉMOC,RIO SAN PEDRO,RIO SAN PEDRO,LÓTICO,RIO,-102.33263,22.44248,2023,3.21,Buena calidad,239,Fuertemente contaminada,30,Buena calidad,80000,Fuertemente contaminada,Rojo,"DQO,CF,",,Rojo
245,DLZAC2618M1,"ENVASES Y TAPAS MODELO, S.A. DE C.V. (AGUAS ARRIBA)",ZACATECAS,CALERA,FRESNILLO-YESCAS,ARROYO LA JOYA,LÓTICO,DESCARGA,-102.68072,22.93067,2023,512,Fuertemente contaminada,860,Fuertemente contaminada,2200,Fuertemente contaminada,6000000000,Fuertemente contaminada,Rojo,"DBO,DQO,SST,CF,",,Rojo
246,DLZAC2619M1,LOS ALFARO,ZACATECAS,JEREZ,RIO TEPETONGO,RIO JEREZ,LÓTICO,RIO,-103.00925,22.59635,2023,69,Contaminada,146,Contaminada,20,Excelente,60000,Fuertemente contaminada,Rojo,"DBO,DQO,CF,",,Rojo
248,DLZAC2625M1,TLALTENANGO,ZACATECAS,TLALTENANGO DE SÁNCHEZ ROMÁN,RIO TLALTENANGO,RIO TLALTENANGO,LÓTICO,RIO,-103.30025,21.83023,2023,4.9,Buena calidad,53,Contaminada,20,Excelente,230000,Fuertemente contaminada,Rojo,"DQO,CF,",,Rojo
250,DLZAC2631M1,"ENVASES Y TAPAS MODELO, S.A. DE C.V. (AGUAS ABAJO)",ZACATECAS,CALERA,FRESNILLO-YESCAS,ARROYO LA JOYA,LÓTICO,DESCARGA,-102.68446,22.92906,2023,216,Fuertemente contaminada,596,Fuertemente contaminada,70,Buena calidad,34000000000,Fuertemente contaminada,Rojo,"DBO,DQO,CF,",,Rojo
251,DLZAC2636,LA GLORIA,JALISCO,COLOTLÁN,RIO TEPETONGO,RIO JEREZ - COLOTLAN,LÓTICO,RIO,-103.29942,22.09429,2023,223.5,Fuertemente contaminada,750,Fuertemente contaminada,860,Fuertemente contaminada,70000,Fuertemente contaminada,Rojo,"DBO,DQO,SST,CF,",,Rojo
252,DLZAC2637M1,EL ZAPOTE,JALISCO,COLOTLÁN,RIO TLALTENANGO,RIO CARTAJENA,LÓTICO,RIO,-103.34018,21.98402,2023,2,Excelente,37,Aceptable,20,Excelente,46000,Fuertemente contaminada,Amarillo,"CF,",,Rojo
253,DLZAC2638M1,SAN FRANCISCO DE LOS GALLARDO,ZACATECAS,GENERAL FRANCISCO R. MURGUÍA,PRESA LA FLOR,RIO AGUANAVAL,LÓTICO,RIO,-102.88479,24.32178,2023,8.2,Aceptable,117,Contaminada,490,Fuertemente contaminada,22000,Fuertemente contaminada,Rojo,"DQO,SST,CF,",,Rojo
254,DLZAC2639M1,EL CAZADERO,ZACATECAS,RIO GRANDE,SAN FRANCISCO,RIO AGUANAVAL,LÓTICO,RIO,-103.09889,23.70516,2023,2,Excelente,44,Contaminada,58,Buena calidad,16,Excelente,Rojo,"DQO,",,Rojo
259,DLZAC2674M1,MOMAX,ZACATECAS,MOMAX,RIO TLALTENANGO,RIO TLALTENANGO,LÓTICO,RIO,-103.31774,21.92064,2023,4.87,Buena calidad,41,Contaminada,20,Excelente,140000,Fuertemente contaminada,Rojo,"DQO,CF,",,Rojo
272,OCAVM0009RNL21,PRESA VALLE DE BRAVO,ESTADO DE MEXICO,VALLE DE BRAVO,RIO CUTZAMALA,PRESA VALLE DE BRAVO,LÉNTICO,PRESA,-100.1804,19.20884,2023,16.8,Aceptable,32.68,Aceptable,20,Excelente,18000,Fuertemente contaminada,Amarillo,"CF,",,Rojo
278,OCAVM0014RNL,PRESA VILLA VICTORIA,ESTADO DE MEXICO,VILLA VICTORIA,RIO CUTZAMALA,PRESA,LENTICAS,EMBALSE,-100.05527,19.46068,2023,9.6,Aceptable,15.73,Buena calidad,20,Excelente,6050,Contaminada,Amarillo,"CF,",,Amarillo
280,OCAVM0015RNL,PTA. POT. BERROS ENTRADA,ESTADO DE MEXICO,VILLA DE ALLENDE,RIO CUTZAMALA,PTA. POT. BERROS ENTRADA,LÓTICO,DESCARGA,-100.07645,19.3866,2023,7.2,Aceptable,15.36,Buena calidad,20,Excelente,82500,Fuertemente contaminada,Amarillo,"CF,",,Rojo
304,OCBAL0008RNL22,VADO BRISAS,MORELOS,YECAPIXTLA,RIO AMACUZAC,RIO CUAUTLA,LÓTICO,RIO,-98.92168,18.86261,2023,29.8,Aceptable,82.05,Contaminada,32,Buena calidad,1375000,Fuertemente contaminada,Rojo,"DQO,CF,E_COLI,",,Rojo
309,OCBAL0184RNL,LAGO DE TEQUESQUITENGO (BARRANCA HONDA SUPERFICIAL) ,MORELOS,JOJUTLA,RIO AMACUZAC,LAGO DE TEQUESQUITENGO,LENTICO (HUMEDAL),LAGO,-99.25878,18.62973,2023,2,Excelente,27.2,Aceptable,20,Excelente,200000,Fuertemente contaminada,Amarillo,"CF,",,Verde
311,OCBAL0186RNL,LAGO DE TEQUESQUITENGO (EL MOROCO SUPERFICIAL),MORELOS,JOJUTLA,RIO AMACUZAC,LAGO DE TEQUESQUITENGO,LENTICO (HUMEDAL),LAGO,-99.26133,18.61685,2023,2,Excelente,27.2,Aceptable,20,Excelente,11000,Fuertemente contaminada,Amarillo,"CF,",,Verde
312,OCBAL0187RNL,LAGO DE TEQUESQUITENGO (LA IGLESIA SUPERFICIAL),MORELOS,JOJUTLA,RIO AMACUZAC,LAGO DE TEQUESQUITENGO,LENTICO (HUMEDAL),LAGO,-99.26606,18.60514,2023,2,Excelente,27.2,Aceptable,20,Excelente,11000,Fuertemente contaminada,Amarillo,"CF,",,Amarillo
314,OCBAL0190RNL,PRESA FELIPE RUIZ DE VELAZCO,MORELOS,AMACUZAC,RIO AMACUZAC,PRESA,LENTICO (HUMEDAL),PRESA,-99.36278,18.55708,2023,15.84,Aceptable,61.3,Contaminada,108,Aceptable,4000,Contaminada,Rojo,"DQO,CF,E_COLI,",,Verde
315,OCBAL0191RNL,PRESA EMILIANO ZAPATA (TILZAPOTLA),MORELOS,PUENTE DE IXTLA,RIO AMACUZAC,PRESA,LENTICO (HUMEDAL),PRESA,-99.27595,18.50321,2023,11.41,Aceptable,52.59,Contaminada,28,Buena calidad,150000,Fuertemente contaminada,Rojo,"DQO,CF,E_COLI,",,Verde
316,OCBAL0192RNL,PRESA EL TILCUATE,MORELOS,TETECALA,RIO AMACUZAC,PRESA,LENTICO (HUMEDAL),PRESA,-99.4404,18.662,2023,24.1,Aceptable,192,Contaminada,120,Aceptable,140000,Fuertemente contaminada,Rojo,"DQO,CF,E_COLI,",,Rojo
317,OCBAL0193RNL,PRESA PLAN DE AYALA AHUEHUETZINGO,MORELOS,PUENTE DE IXTLA,RIO AMACUZAC,PRESA,LENTICO (HUMEDAL),PRESA,-99.29328,18.69545,2023,37,Contaminada,322.91,Fuertemente contaminada,480,Fuertemente contaminada,150000,Fuertemente contaminada,Rojo,"DBO,DQO,SST,CF,E_COLI,",,Verde
318,OCBAL0194RNL,PRESA ING. MANUEL PASTOR CARROS,MORELOS,JANTETELCO,RIO AMACUZAC,PRESA,LENTICO (HUMEDAL),PRESA,-98.71466,18.60922,2023,9.82,Aceptable,52.36,Contaminada,460,Fuertemente contaminada,4000000,Fuertemente contaminada,Rojo,"DQO,SST,CF,E_COLI,",,Rojo
319,OCBAL0196RNL,PRESA GENERAL FRANCISCO VILLA CHINAMECA,MORELOS,AYALA,RIO AMACUZAC,PRESA,LENTICO (HUMEDAL),PRESA,-98.94759,18.64961,2023,6.75,Aceptable,43.64,Contaminada,128,Aceptable,9000000,Fuertemente contaminada,Rojo,"DQO,CF,E_COLI,",,Amarillo
320,OCBAL0197RNL,PRESA LORENZO VAZQUEZ (CRUZ PINTADA),MORELOS,TLAQUILTENANGO,RIO AMACUZAC,PRESA,LENTICO (HUMEDAL),PRESA,-99.03657,18.46312,2023,3.59,Buena calidad,34.91,Aceptable,20,Excelente,2300,Contaminada,Amarillo,"CF,",,Amarillo
321,OCBAL0198RNL,PRESA PABLO TORRES BURGOS (LA PAROTA),MORELOS,TLAQUILTENANGO,RIO AMACUZAC,PRESA,LENTICO (HUMEDAL),PRESA,-99.05784,18.53402,2023,29.03,Aceptable,113.45,Contaminada,252,Contaminada,2000,Contaminada,Rojo,"DQO,SST,CF,",,Amarillo
322,OCBAL0199RNL,PRESA MARIANO MATAMOROS (QUILAMULA 2),MORELOS,TLAQUILTENANGO,RIO AMACUZAC,PRESA,LENTICO (HUMEDAL),PRESA,-99.01284,18.51427,2023,6.81,Aceptable,52.36,Contaminada,42,Buena calidad,1100,Contaminada,Rojo,"DQO,CF,",,Verde
323,OCBAL0200RNL,PRESA AMILCINGO,MORELOS,JANTETELCO,RIO AMACUZAC,PRESA,LENTICO (HUMEDAL),PRESA,-98.7501,18.72885,2023,15.7,Aceptable,55.14,Contaminada,20,Excelente,93000,Fuertemente contaminada,Rojo,"DQO,CF,E_COLI,",,Verde
324,OCBAL0201RNL,PRESA ZOCAVONES,MORELOS,ZACUALPAN DE AMILPAS,RIO AMACUZAC,PRESA,LENTICO (HUMEDAL),PRESA,-98.76857,18.77364,2023,10.07,Aceptable,26.98,Aceptable,36,Buena calidad,1100000,Fuertemente contaminada,Amarillo,"CF,E_COLI,",,Amarillo
325,OCBAL0202RNL,PRESA EL GIGANTE,MORELOS,AYALA,RIO AMACUZAC,PRESA,LENTICO (HUMEDAL),PRESA,-98.95107,18.76991,2023,5.38,Buena calidad,16.42,Buena calidad,38,Buena calidad,1500000,Fuertemente contaminada,Amarillo,"CF,E_COLI,",,Amarillo
326,OCBAL0203RNL,PRESA CERRO PRIETO,MORELOS,TEPALCINGO,RIO AMACUZAC,PRESA,LENTICO (HUMEDAL),PRESA,-98.95521,18.51399,2023,4.62,Buena calidad,12.9,Buena calidad,20,Excelente,21000000,Fuertemente contaminada,Amarillo,"CF,E_COLI,",,Verde
328,OCBAL0209RNL,SALIDA BALNEARIO AGUA HEDIONDA,MORELOS,CUAUTLA,RIO AMACUZAC,MANANTIAL AGUA HEDIONDA,LÓTICO,MANANTIAL,-98.93102,18.81624,2023,2,Excelente,27.2,Aceptable,20,Excelente,24000,Fuertemente contaminada,Amarillo,"CF,E_COLI,",,Verde
330,OCBAL2777,R1 RIO APATLACO  ABAJO  CHALCHIHUAPAN,MORELOS,CUERNAVACA,RIO AMACUZAC,RIO APATLACO,LÓTICO A - TIPO 3,RIO,-99.26972,18.97379,2023,2,Excelente,27.2,Aceptable,20,Excelente,39000,Fuertemente contaminada,Amarillo,"CF,",,Verde
331,OCBAL2779,R5B RIO APATLACO ANTES ARROYO CHAPULTEPEC,MORELOS,CUERNAVACA,RIO AMACUZAC,RIO APATLACO,LÓTICO A - TIPO 3,RIO,-99.2236,18.86339,2023,11.07,Aceptable,25.14,Aceptable,20,Excelente,46000000,Fuertemente contaminada,Amarillo,"CF,",,Verde
332,OCBAL2780,R5C RIO APATLACO DESPUES ARROYO CHAPULTEPEC,MORELOS,TEMIXCO,RIO AMACUZAC,RIO APATLACO,LÓTICO A - TIPO 3,RIO,-99.22443,18.86218,2023,10.4,Aceptable,25.14,Aceptable,20,Excelente,15000000,Fuertemente contaminada,Amarillo,"CF,",,Verde
333,OCBAL2781,R13 RIO APATLACO ANTES 9-DERIVADORA,MORELOS,JOJUTLA,RIO AMACUZAC,RIO APATLACO,LÓTICO A - TIPO 3,RIO,-99.18554,18.62572,2023,2,Excelente,25.62,Aceptable,26,Buena calidad,43000,Fuertemente contaminada,Amarillo,"CF,",,Verde
335,OCBAL2783,RIO APATLACO ABAJO PTAR EL RAYO,MORELOS,TEMIXCO,RIO AMACUZAC,RIO APATLACO,LÓTICO A - TIPO 3,RIO,-99.22149,18.82796,2023,9.63,Aceptable,16.99,Buena calidad,20,Excelente,46000000,Fuertemente contaminada,Amarillo,"CF,",,Verde
336,OCBAL2784,BARRANCA PUENTE BLANCO ZAPATA,MORELOS,EMILIANO ZAPATA,RIO AMACUZAC,RIO APATLACO,LÓTICO,RIO,-99.19191,18.82961,2023,7.47,Aceptable,76.46,Contaminada,20,Excelente,1500000,Fuertemente contaminada,Rojo,"DQO,CF,",,Amarillo
337,OCBAL2786,B. GACHUPINA-LAS FUENTES,MORELOS,JIUTEPEC,RIO AMACUZAC,RIO YAUTEPEC - BARRANCA GACHUPINA,LÓTICO,RIO,-99.16509,18.87718,2023,80.4,Contaminada,110.45,Contaminada,97,Aceptable,110000000,Fuertemente contaminada,Rojo,"DBO,DQO,CF,",,Amarillo
339,OCBAL2789,"ECCACIV, S.A. DE C.V. (AGUAS ARRIBA)",MORELOS,JIUTEPEC,RIO AMACUZAC,RIO APATLACO,LÓTICO,DESCARGA,-99.16972,18.87284,2023,11.03,Aceptable,67.97,Contaminada,28,Buena calidad,12000000,Fuertemente contaminada,Rojo,"DQO,CF,",,Rojo
340,OCBAL2790,"ECCACIV, S.A. DE C.V. (AGUAS ABAJO)",MORELOS,JIUTEPEC,RIO AMACUZAC,RIO APATLACO,LÓTICO,DESCARGA,-99.16975,18.86674,2023,5.25,Buena calidad,16.99,Buena calidad,40,Buena calidad,150000000,Fuertemente contaminada,Amarillo,"CF,",,Rojo
341,OCBAL2791,LAGUNA DE HUEYAPAN (EL TEXCAL) 1,MORELOS,JIUTEPEC,RIO AMACUZAC,LAGUNA DE HUEYAPAN EL TEXCAL,LÉNTICO (HUMEDAL),LAGO,-99.1503,18.89432,2023,2,Excelente,27.2,Aceptable,20,Excelente,4600,Contaminada,Amarillo,"CF,E_COLI,",,Rojo
342,OCBAL2792,LAGUNA DE HUEYAPAN (EL TEXCAL) 2,MORELOS,JIUTEPEC,RIO AMACUZAC,LAGUNA DE HUEYAPAN EL TEXCAL,LÉNTICO (HUMEDAL),LAGO,-99.15058,18.89475,2023,2,Excelente,27.2,Aceptable,20,Excelente,2100,Contaminada,Amarillo,"CF,",,Verde
343,OCBAL2793,LAGUNA DE HUEYAPAN (EL TEXCAL) 3,MORELOS,JIUTEPEC,RIO AMACUZAC,LAGUNA DE HUEYAPAN EL TEXCAL,LÉNTICO (HUMEDAL),LAGO,-99.14956,18.89522,2023,2,Excelente,27.2,Aceptable,20,Excelente,43000,Fuertemente contaminada,Amarillo,"CF,E_COLI,",,Rojo
344,OCBAL2795,BARRANCA APANQUETZALCO,MORELOS,YAUTEPEC,RIO AMACUZAC,RIO  YAUTEPEC,LÓTICO,RIO,-99.06697,18.885,2023,206.5,Fuertemente contaminada,410.26,Fuertemente contaminada,186,Contaminada,6400000,Fuertemente contaminada,Rojo,"DBO,DQO,SST,CF,",,Rojo
345,OCBAL2796,RIO YAUTEPEC - CENTRO,MORELOS,YAUTEPEC,RIO AMACUZAC,RIO YAUTEPEC,LÓTICO,RIO,-99.05558,18.88444,2023,2,Excelente,27.2,Aceptable,20,Excelente,21000000,Fuertemente contaminada,Amarillo,"CF,",,Rojo
346,OCBAL2797,R3-B RIO APATLACO ANTES CARCAMO DE SAN ANTON,MORELOS,CUERNAVACA,RIO AMACUZAC,RIO APATLACO,LÓTICO A - TIPO 3,RIO,-99.24481,18.92383,2023,18.85,Aceptable,48.29,Contaminada,36,Buena calidad,150000000,Fuertemente contaminada,Rojo,"DQO,CF,E_COLI,",,Rojo
347,OCBAL2799,RIO CUAUTLA - YECAPIXTLA,MORELOS,YECAPIXTLA,RIO AMACUZAC,RIO CUAUTLA,LÓTICO,RIO,-98.92222,18.8622,2023,25.5,Aceptable,90.26,Contaminada,20,Excelente,12000000,Fuertemente contaminada,Rojo,"DQO,CF,",,Rojo
348,OCBAL2800,BARRANCA SANTA MARIA,MORELOS,YECAPIXTLA,RIO AMACUZAC,RIO CUAUTLA,LÓTICO,RIO,-98.92513,18.84139,2023,2,Excelente,54.625,Contaminada,20,Excelente,2300000,Fuertemente contaminada,Rojo,"DQO,CF,E_COLI,",,Rojo
349,OCBAL2801,"BURLINGTON YECAPIXTLA, S.A. DE C.V. (AGUAS ARRIBA)",MORELOS,YECAPIXTLA,RIO AMACUZAC,RIO CUAUTLA,LÓTICO,DESCARGA,-98.88486,18.86391,2023,2,Excelente,27.2,Aceptable,20,Excelente,430000,Fuertemente contaminada,Amarillo,"CF,E_COLI,",,Rojo
350,OCBAL2802,"BURLINGTON YECAPIXTLA, S.A. DE C.V. (AGUAS ABAJO)",MORELOS,YECAPIXTLA,RIO AMACUZAC,RIO CUAUTLA,LÓTICO,DESCARGA,-98.88626,18.86388,2023,2,Excelente,64.44,Contaminada,20,Excelente,1500,Contaminada,Rojo,"DQO,CF,",,Rojo
351,OCBAL2805M1,BARRANCA EL HOSPITAL,MORELOS,AYALA,RIO AMACUZAC,RIO CUAUTLA,LÓTICO,RIO,-98.97451,18.76577,2023,25.1,Aceptable,58.63,Contaminada,46,Buena calidad,1200000,Fuertemente contaminada,Rojo,"DQO,CF,E_COLI,",,Rojo
352,OCBAL2806,RIO CUAUTLA - AYALA,MORELOS,AYALA,RIO AMACUZAC,RIO CUAUTLA,LÓTICO,RIO,-98.97562,18.778,2023,5.92,Buena calidad,73.85,Contaminada,48,Buena calidad,15531,Fuertemente contaminada,Rojo,"DQO,CF,E_COLI,",,Rojo
353,OCBAL2807,R3-C RIO APATLACO DESPUES DEL CARCAMO DE SAN ANTON,MORELOS,CUERNAVACA,RIO AMACUZAC,RIO APATLACO,LÓTICO A - TIPO 3,RIO,-99.24483,18.92373,2023,15,Aceptable,33.34,Aceptable,30,Buena calidad,93000000,Fuertemente contaminada,Amarillo,"CF,E_COLI,",,Rojo
354,OCBAL2808,RIO CUAUTLA-PAPAYOS,MORELOS,AYALA,RIO AMACUZAC,RIO CUAUTLA,LÓTICO,RIO,-98.9699,18.70862,2023,2,Excelente,27.2,Aceptable,20,Excelente,17329,Fuertemente contaminada,Amarillo,"CF,E_COLI,",,Rojo
355,OCBAL2811,RIO CUAUTLA - SAN VICENTE,MORELOS,AYALA,RIO AMACUZAC,RIO CUAUTLA,LÓTICO,RIO,-99.00811,18.63652,2023,2,Excelente,21.98,Aceptable,20,Excelente,230000,Fuertemente contaminada,Amarillo,"CF,E_COLI,",,Rojo
357,OCBAL2813,PUENTE TEMIXCO,MORELOS,TEMIXCO,RIO AMACUZAC,RIO APATLACO,LÓTICO A - TIPO 3,RIO,-99.21922,18.84187,2023,9.87,Aceptable,16.39,Buena calidad,20,Excelente,9300000,Fuertemente contaminada,Amarillo,"CF,",,Rojo
359,OCBAL2815,RIO CUAUTLA-TLAQUITENANGO,MORELOS,TLAQUILTENANGO,RIO AMACUZAC,RIO CUAUTLA,LÓTICO,RIO,-99.10768,18.54867,2023,2,Excelente,21.98,Aceptable,20,Excelente,4600,Contaminada,Amarillo,"CF,",,Rojo
361,OCBAL2817,RIO APATLACO-TLATENCHI,MORELOS,JOJUTLA,RIO AMACUZAC,RIO APATLACO,LÓTICO A - TIPO 3,RIO,-99.18279,18.60982,2023,2,Excelente,43.45,Contaminada,26,Buena calidad,460000,Fuertemente contaminada,Rojo,"DQO,CF,",,Rojo
362,OCBAL2818,RIO YAUTEPEC ABAJO PTAR JOJUTLA,MORELOS,JOJUTLA,RIO AMACUZAC,RIO YAUTEPEC,LÓTICO,RIO,-99.18488,18.59156,2023,2,Excelente,43.45,Contaminada,20,Excelente,460000,Fuertemente contaminada,Rojo,"DQO,CF,",,Rojo
363,OCBAL2820,APATLACO ABAJO PTAR ZACATEPEC,MORELOS,JOJUTLA,RIO AMACUZAC,RIO APATLACO,LÓTICO A - TIPO 3,RIO,-99.19535,18.63995,2023,2,Excelente,27.2,Aceptable,20,Excelente,15000,Fuertemente contaminada,Amarillo,"CF,",,Rojo
366,OCBAL2823,APATLACO ABAJO PTAR CHIPITLAN,MORELOS,CUERNAVACA,RIO AMACUZAC,RIO APATLACO,LÓTICO A - TIPO 3,RIO,-99.2273,18.87086,2023,97,Contaminada,127.44,Contaminada,33,Buena calidad,49500000,Fuertemente contaminada,Rojo,"DBO,DQO,CF,E_COLI,",,Rojo
367,OCBAL2824,R10G RIO APATLACO DESPUES ARROYO TETLAMA REPRESA,MORELOS,PUENTE DE IXTLA,RIO AMACUZAC,RIO APATLACO,LÓTICO A - TIPO 3,RIO,-99.24011,18.70103,2023,2,Excelente,16.71,Buena calidad,20,Excelente,90000,Fuertemente contaminada,Amarillo,"CF,",,Rojo
368,OCBAL2825,RIO TETLAMA ANTES RIO APATLACO,MORELOS,PUENTE DE IXTLA,RIO AMACUZAC,RIO TETLAMA,LÓTICO A - TIPO 3,RIO,-99.24096,18.70213,2023,2,Excelente,27.2,Aceptable,20,Excelente,4300000,Fuertemente contaminada,Amarillo,"CF,",,Rojo
369,OCBAL2826,R10E RIO APATLACO DESPUES ARROYO PALO ESCRITO,MORELOS,XOCHITEPEC,RIO AMACUZAC,RIO APATLACO,LÓTICO A - TIPO 3,RIO,-99.23383,18.76258,2023,5.65,Buena calidad,32.79,Aceptable,20,Excelente,9300000,Fuertemente contaminada,Amarillo,"CF,",,Rojo
370,OCBAL2827M1,R10D RIO APATLACO ANTES ARROYO PALO ESCRITO M1,MORELOS,XOCHITEPEC,RIO AMACUZAC,RIO APATLACO,LÓTICO A - TIPO 3,RIO,-99.2347,18.76336,2023,4.39,Buena calidad,16.39,Buena calidad,20,Excelente,90000,Fuertemente contaminada,Amarillo,"CF,",,Verde
371,OCBAL2828,RIO APATLACO-XOCHITEPEC,MORELOS,XOCHITEPEC,RIO AMACUZAC,RIO APATLACO,LÓTICO A - TIPO 3,RIO,-99.23494,18.77504,2023,6.15,Aceptable,24.51,Aceptable,38,Buena calidad,15000000,Fuertemente contaminada,Amarillo,"CF,",,Verde
372,OCBAL2829,R9B RIO APATLACO DESPUES DE LA CASCADA REAL DEL PUENTE,MORELOS,XOCHITEPEC,RIO AMACUZAC,RIO APATLACO,LÓTICO A - TIPO 3,RIO,-99.23372,18.79025,2023,9.47,Aceptable,32.79,Aceptable,20,Excelente,24000000,Fuertemente contaminada,Amarillo,"CF,",,Rojo
373,OCBAL2830,R9 RIO APATLACO  ANTES  DE LA CASCADA  REAL  DEL PUENTE,MORELOS,XOCHITEPEC,RIO AMACUZAC,RIO APATLACO,LÓTICO A - TIPO 3,RIO,-99.2378,18.79124,2023,6.69,Aceptable,33.42,Aceptable,20,Excelente,930000,Fuertemente contaminada,Amarillo,"CF,",,Rojo
374,OCBAL2831M1,ARROYO PANOCHERAS AGUAS ARRIBA RIO APATLACO,MORELOS,XOCHITEPEC,RIO AMACUZAC,ARROYO PANOCHERAS,LÓTICO A - TIPO 3,RIO,-99.22682,18.80009,2023,7.83,Aceptable,21.17,Aceptable,20,Excelente,2400000,Fuertemente contaminada,Amarillo,"CF,",,Rojo
375,OCBAL2832M1,RIO APATLACO ANTES ARROYO PANOCHERAS,MORELOS,XOCHITEPEC,RIO AMACUZAC,RIO APATLACO,LÓTICO A - TIPO 3,RIO,-99.22663,18.80023,2023,7.27,Aceptable,50.14,Contaminada,20,Excelente,1500000,Fuertemente contaminada,Rojo,"DQO,CF,",,Rojo
376,OCBAL2834,BARRANCA GACHUPINA ABAJO PTAR GACHUPINA,MORELOS,JIUTEPEC,RIO AMACUZAC,ARROYO GACHUPINA,LÓTICO,ARROYO,-99.16504,18.86542,2023,13.3,Aceptable,25.45,Aceptable,20,Excelente,15000000,Fuertemente contaminada,Amarillo,"CF,",,Rojo
380,OCBAL2842,CHALMA,MORELOS,PUENTE DE IXTLA,RIO AMACUZAC,RIO CHALMA,LÓTICO,RIO,-99.33324,18.62011,2023,9.59,Aceptable,35.06,Aceptable,390,Contaminada,21000000,Fuertemente contaminada,Amarillo,"SST,CF,E_COLI,",,Rojo
381,OCBAL2843,CHALMA-TEMBEMBE (EL COCO),MORELOS,PUENTE DE IXTLA,RIO AMACUZAC,RIO CHALMA,LÓTICO,RIO,-99.31494,18.59042,2023,13.98,Aceptable,52.59,Contaminada,20,Excelente,640000,Fuertemente contaminada,Rojo,"DQO,CF,E_COLI,",,Rojo
382,OCBAL2844,BARRANCA PUENTE BLANCO ABAJO PTAR,MORELOS,XOCHITEPEC,RIO AMACUZAC,RIO SALADO,LÓTICO A - TIPO 3,RIO,-99.23193,18.765,2023,5.69,Buena calidad,16.39,Buena calidad,20,Excelente,46000000,Fuertemente contaminada,Amarillo,"CF,",,Rojo
383,OCBAL2845,PUENTE LA FUNDICION,MORELOS,JOJUTLA,RIO AMACUZAC,RIO AMACUZAC,LÓTICO,RIO,-99.26756,18.54599,2023,18.78,Aceptable,26.3,Aceptable,1444,Fuertemente contaminada,150000,Fuertemente contaminada,Amarillo,"SST,CF,E_COLI,",,Rojo
384,OCBAL2846,AMACUZAC,MORELOS,TLAQUILTENANGO,RIO AMACUZAC,RIO AMACUZAC,LÓTICO,RIO,-99.17645,18.49248,2023,2,Excelente,24.94,Aceptable,68,Buena calidad,21620,Fuertemente contaminada,Amarillo,"CF,",,Rojo
386,OCBAL2850,PRESA EL RODEO-OBRA DE TOMA,MORELOS,MIACATLÁN,RIO AMACUZAC,PRESA EL RODEO,LÉNTICO,PRESA,-99.32953,18.76496,2023,7.78,Aceptable,63.12,Contaminada,158,Contaminada,75000000,Fuertemente contaminada,Rojo,"DQO,SST,CF,E_COLI,",,Rojo
399,OCGNO0021RNL,"RIO GUAYALEJO, EJIDO FELIPE CARRILLO PUERTO",TAMAULIPAS,GONZÁLEZ,RIO GUAYALEJO 3,RIO GUAYALEJO,LÓTICO,RIO,-98.87222,22.794,2023,22.8,Aceptable,41,Contaminada,20,Excelente,2300,Contaminada,Rojo,"DQO,CF,",,Amarillo
400,OCGNO0022RNL,"RIO GUAYALEJO, EJIDO BENITO JUAREZ",TAMAULIPAS,EL MANTE,RIO GUAYALEJO 3,RIO GUAYALEJO,LÓTICO,RIO,-98.93369,22.80638,2023,74.3,Contaminada,98,Contaminada,20,Excelente,9300,Contaminada,Rojo,"DBO,DQO,CF,",,Rojo
401,OCGNO0023RNL,"EJIDO, ALIANZA AGRARIA",TAMAULIPAS,EL MANTE,RIO GUAYALEJO 3,RIO GUAYALEJO,LÓTICO,RIO,-98.9486,22.80777,2023,2,Excelente,28,Aceptable,78,Aceptable,1100,Contaminada,Amarillo,"CF,",,Rojo
407,OCLSP0007RNL,POBLACION PUENTE CLINICA IMSS AFLUENTE RIO SANTIAGO,JALISCO,PONCITLAN,RIO SANTIAGO 1,RIO SANTIAGO,LOTICO,RIO,-102.93485,20.38093,2023,45,Contaminada,122.635,Contaminada,30,Buena calidad,46000000,Fuertemente contaminada,Rojo,"DBO,DQO,CF,",,Rojo
408,OCLSP0008RNL,"RIO SANTIAGO, PUENTE BRECHA LA CONSTANCIA",JALISCO,PONCITLAN,RIO SANTIAGO 1,RIO SANTIAGO,LOTICO,RIO,-102.98379,20.40063,2023,6.8,Aceptable,58.832,Contaminada,170,Contaminada,460000,Fuertemente contaminada,Rojo,"DQO,SST,CF,",,Rojo
409,OCLSP0009RNL,RIO SANTIAGO PUENTE POBLACION TECUALTITAN,JALISCO,PONCITLAN,RIO SANTIAGO 1,RIO SANTIAGO,LOTICO,RIO,-103.02968,20.42087,2023,5.4,Buena calidad,61.262,Contaminada,90,Aceptable,4600,Contaminada,Rojo,"DQO,CF,",,Rojo
410,OCLSP0011RNL,"RIO SANTIAGO, PUENTE CARRETERO ATEQUIZA MIRAFLORES",JALISCO,JUANACATLAN,RIO SANTIAGO 1,RIO SANTIAGO,LOTICO,RIO,-103.12866,20.41294,2023,9.3,Aceptable,61.819,Contaminada,20,Excelente,750000,Fuertemente contaminada,Rojo,"DQO,CF,E_COLI,",,Rojo
411,OCLSP3701M1,ARROYO EL AHOGADO PUENTE CARRETERA A CHAPALA,JALISCO,EL SALTO,RIO SANTIAGO 1,ARROYO EL AHOGADO,LÓTICO,ARROYO,-103.29631,20.53794,2023,91.6,Contaminada,138.632,Contaminada,41,Buena calidad,11000000,Fuertemente contaminada,Rojo,"DBO,DQO,CF,E_COLI,",,Rojo
412,OCLSP3703M1,RIO SANTIAGO PUENTE MATATLAN,JALISCO,TONALÁ,RIO SANTIAGO 1,RIO SANTIAGO,LÓTICO A - TIPO 10,RIO,-103.1872,20.66806,2023,7.7,Aceptable,49.388,Contaminada,35,Buena calidad,460000,Fuertemente contaminada,Rojo,"DQO,CF,E_COLI,",,Rojo
413,OCLSP3707M1,RIO SANTIAGO LAS JUNTAS,JALISCO,GUADALAJARA,RIO SANTIAGO 1,RIO SANTIAGO,LÓTICO A - TIPO 10,RIO,-103.27983,20.72349,2023,17.9,Aceptable,48.05,Contaminada,81,Aceptable,460000,Fuertemente contaminada,Rojo,"DQO,CF,E_COLI,",,Amarillo
414,OCLSP3708M1,RIO SANTIAGO ANTES DE P.H. AGUA PRIETA,JALISCO,ZAPOPAN,RIO SANTIAGO 2,RIO SANTIAGO,LÓTICO A - TIPO 10,RIO,-103.32039,20.78201,2023,12.9,Aceptable,25.795,Aceptable,160.32,Contaminada,4600000,Fuertemente contaminada,Amarillo,"SST,CF,E_COLI,",,Rojo
415,OCLSP3710M1,PUENTE GUADALUPE,JALISCO,IXTLAHUACÁN DEL RIO,RIO SANTIAGO 2,RIO SANTIAGO,LÓTICO A - TIPO 10,RIO,-103.32898,20.83915,2023,47.7,Contaminada,120.942,Contaminada,290.48,Contaminada,11000000,Fuertemente contaminada,Rojo,"DBO,DQO,SST,CF,E_COLI,",,Rojo
416,OCLSP3715M1,DESPUES DE ARROYO DEL AHOGADO,JALISCO,JUANACATLÁN,RIO SANTIAGO 1,RIO SANTIAGO,LÓTICO A - TIPO 10,RIO,-103.17433,20.50837,2023,39.65,Contaminada,140.8005,Contaminada,20,Excelente,6700000,Fuertemente contaminada,Rojo,"DBO,DQO,CF,E_COLI,",,Rojo
417,OCLSP3716M1,ARROYO EL AHOGADO ANTES DEL RIO SANTIAGO,JALISCO,JUANACATLÁN,RIO SANTIAGO 1,RIO SANTIAGO,LÓTICO A - TIPO 10,ARROYO,-103.21638,20.49843,2023,93.7,Contaminada,421.813,Fuertemente contaminada,67,Buena calidad,2400000,Fuertemente contaminada,Rojo,"DBO,DQO,CF,E_COLI,",,Rojo
418,OCLSP3717M1,RIO SANTIAGO PUENTE GRANDE,JALISCO,JUANACATLÁN,RIO SANTIAGO 1,RIO SANTIAGO,LÓTICO A - TIPO 10,RIO,-103.1477,20.56956,2023,25.55,Aceptable,70.8185,Contaminada,20,Excelente,3500000,Fuertemente contaminada,Rojo,"DQO,CF,E_COLI,",,Rojo
419,OCLSP3751M1,RIO JUCHIPILA ANTES DEL RIO SANTIAGO,JALISCO,SAN CRISTÓBAL DE LA BARRANCA,RIO JUCHIPILA 2,RIO JUCHIPILA,LÓTICO,RIO,-103.42616,21.0484,2023,4.4,Buena calidad,49.271,Contaminada,3023.08,Fuertemente contaminada,46000,Fuertemente contaminada,Rojo,"DQO,SST,CF,E_COLI,",,Rojo
420,OCLSP3752M1,RIO SANTIAGO ANTES DE CONFLUENCIA JUCHIPILA,JALISCO,SAN CRISTÓBAL DE LA BARRANCA,RIO SANTIAGO 2,RIO SANTIAGO,LÓTICO A - TIPO 10,RIO,-103.42601,21.03833,2023,10.7,Aceptable,39.075,Aceptable,92,Aceptable,4600000,Fuertemente contaminada,Amarillo,"CF,E_COLI,",,Amarillo
421,OCLSP3753M1,RIO SANTIAGO DESPUES DE CONFLUENCIA RIO JUCHIPILA,JALISCO,SAN CRISTÓBAL DE LA BARRANCA,PRESA SANTA ROSA,RIO SANTIAGO,LÓTICO A - TIPO 10,RIO,-103.43114,21.04487,2023,4.5,Buena calidad,20.552,Aceptable,2350,Fuertemente contaminada,46000000,Fuertemente contaminada,Amarillo,"SST,CF,E_COLI,",,Amarillo
422,OCLSP3754M1,RIO SANTIAGO DESPUES DE SAN CRISTOBAL DE LA BARRANCA,JALISCO,SAN CRISTÓBAL DE LA BARRANCA,PRESA SANTA ROSA,RIO SANTIAGO,LÓTICO A - TIPO 10,RIO,-103.4463,21.04453,2023,4.9,Buena calidad,23.45,Aceptable,1994.12,Fuertemente contaminada,11000000,Fuertemente contaminada,Amarillo,"SST,CF,E_COLI,",,Rojo
423,OCLSP3755M1,RIO CUIXTLA ANTES DEL RIO SANTIAGO,JALISCO,SAN CRISTÓBAL DE LA BARRANCA,PRESA SANTA ROSA,RIO CUIXTLA,LÓTICO,RIO,-103.43317,21.0475,2023,2,Excelente,27.2,Aceptable,20,Excelente,4600,Contaminada,Amarillo,"CF,E_COLI,",,Rojo
424,OCLSP3764M1,RIO BOLAÑOS PUENTE EN SAN MARTIN DE BOLAÑOS,JALISCO,SAN MARTÍN DE BOLAÑOS,RIO BOLAÑOS 2,RIO SANTIAGO,LÓTICO A - TIPO 10,RIO,-103.81025,21.68051,2023,3.3,Buena calidad,25.776,Aceptable,274,Contaminada,240000,Fuertemente contaminada,Amarillo,"SST,CF,E_COLI,",,Rojo
425,OCLSP3808M1,RIO LERMA EN MALTARAÑA,JALISCO,JAMAY,RIO LERMA 7,RIO LERMA,LÓTICO A - TIPO 9,RIO,-102.68716,20.2295,2023,6,Buena calidad,26.754,Aceptable,295.56,Contaminada,460000,Fuertemente contaminada,Amarillo,"SST,CF,E_COLI,",,Rojo
426,OCLSP3815M2,ARROYO LA LAJA ANTES DEL RIO SANTIAGO,JALISCO,ZAPOTLANEJO,RIO SANTIAGO 1,ARROYO LA LAJA,LÓTICO,ARROYO,-103.13604,20.58776,2023,130,Fuertemente contaminada,216.453,Fuertemente contaminada,82.86,Aceptable,4600000,Fuertemente contaminada,Rojo,"DBO,DQO,CF,E_COLI,",,Rojo
427,OCLSP3833M1,RIO SANTIAGO EN CUITZEO,JALISCO,OCOTLÁN,RIO LERMA 7,RIO SANTIAGO,LÓTICO A - TIPO 10,RIO,-102.78582,20.32358,2023,11.5,Aceptable,99.4885,Contaminada,207.84,Contaminada,267.5,Aceptable,Rojo,"DQO,SST,",,Rojo
428,OCLSP3837M1,PRESA PONCITLAN,JALISCO,PONCITLÁN,RIO SANTIAGO 1,RIO SANTIAGO,LÓTICO A - TIPO 10,RIO,-102.92201,20.38517,2023,4.7,Buena calidad,51.8745,Contaminada,32.5,Buena calidad,253000,Fuertemente contaminada,Rojo,"DQO,CF,E_COLI,",,Rojo
429,OCLSP3840M1,PRESA DERIVADORA CORONA,JALISCO,CHAPALA,RIO SANTIAGO 1,RIO SANTIAGO,LÓTICO A - TIPO 10,RIO,-103.09157,20.4001,2023,3.8,Buena calidad,36.1865,Aceptable,20,Excelente,25300,Fuertemente contaminada,Amarillo,"CF,E_COLI,",,Rojo
430,OCPBC0020RNL,ARROYO Y CALLE AMBAR,BAJA CALIFORNIA,ENSENADA,ENSENADA- EL GALLO,ARROYO DOÑA PETRA,LOTICO,ARROYO,-116.61652,31.88228,2023,21,Aceptable,79,Contaminada,20,Excelente,1500000,Fuertemente contaminada,Rojo,"DQO,CF,",,Rojo
433,OCPBC4297,PTAR NOROESTE AGUAS ABAJO,BAJA CALIFORNIA,ENSENADA,ENSENADA-EL GALLO,ARROYO DOÑA PETRA,LÓTICO,ARROYO,-116.60351,31.90947,2023,54.4,Contaminada,380,Fuertemente contaminada,100,Aceptable,4600000,Fuertemente contaminada,Rojo,"DBO,DQO,CF,OD%L,",,Rojo
436,OCPBC4375,PRESA DERIVADORA MORELOS,BAJA CALIFORNIA,MEXICALI,RIO COLORADO,PRESA DERIVADORA MORELOS (CANAL REFORMA),LÓTICO (HUMEDAL),CANAL,-114.73056,32.70583,2023,2,Excelente,42.5,Contaminada,20,Excelente,68,Excelente,Rojo,"DQO,",,Rojo
438,OCPBC4396,DREN COLECTOR DEL NORTE,BAJA CALIFORNIA,MEXICALI,RIO COLORADO,DREN COLECTOR DEL NORTE,LÓTICO,DREN,-115.42747,32.57353,2023,30,Aceptable,58.9,Contaminada,46,Buena calidad,460,Aceptable,Rojo,"DQO,",,Rojo
439,OCPBC4399W1,LAGUNA XOCHIMILCO,BAJA CALIFORNIA,MEXICALI,RIO COLORADO,LAGUNA XOCHIMILCO,LÉNTICO,LAGUNA,-115.4474,32.60486,2023,11.7,Aceptable,75,Contaminada,27,Buena calidad,240,Aceptable,Rojo,"DQO,OD%L,",,Rojo
440,OCPBC4400,DREN MEXICALI (RIO NUEVO),BAJA CALIFORNIA,MEXICALI,RIO COLORADO,DREN MEXICALI,LÓTICO,DREN,-115.44519,32.60576,2023,11.1,Aceptable,78,Contaminada,20,Excelente,43,Excelente,Rojo,"DQO,",,Rojo
441,OCPBC4407,SALIDA LAGUNA MEXICO,BAJA CALIFORNIA,MEXICALI,RIO COLORADO,LAGUNA MÉXICO,LÓTICO,DREN,-115.46003,32.59525,2023,23.7,Aceptable,54.1,Contaminada,32,Buena calidad,75,Excelente,Rojo,"DQO,",,Rojo
442,OCPBC4410,DREN XOCHIMILCO,BAJA CALIFORNIA,MEXICALI,RIO COLORADO,DREN XOCHIMILCO,LÓTICO,DREN,-115.46024,32.57276,2023,28,Aceptable,81.2,Contaminada,66,Buena calidad,43,Excelente,Rojo,"DQO,",,Rojo
443,OCPBC4423,PUENTE MADERO (RIO NUEVO),BAJA CALIFORNIA,MEXICALI,RIO COLORADO,RIO NUEVO,LÓTICO,RIO,-115.49845,32.66399,2023,7.1,Aceptable,74,Contaminada,20,Excelente,24000,Fuertemente contaminada,Rojo,"DQO,CF,",,Rojo
,,,,,,,,,,,,,,,,,,,,,,,Rojo
,,,,,,,,,,,,,,,,,,,,,,,Rojo
,,,,,,,,,,,,,,,,,,,,,,,Rojo
,,,,,,,,,,,,,,,,,,,,,,,Amarillo
,,,,,,,,,,,,,,,,,,,,,,,Rojo
,,,,,,,,,,,,,,,,,,,,,,,Rojo
,,,,,,,,,,,,,,,,,,,,,,,Amarillo
,,,,,,,,,,,,,,,,,,,,,,,Verde
,,,,,,,,,,,,,,,,,,,,,,,Rojo
,,,,,,,,,,,,,,,,,,,,,,,Verde
,,,,,,,,,,,,,,,,,,,,,,,Verde
,,,,,,,,,,,,,,,,,,,,,,,Amarillo
,,,,,,,,,,,,,,,,,,,,,,,Rojo
,,,,,,,,,,,,,,,,,,,,,,,Rojo
,,,,,,,,,,,,,,,,,,,,,,,Rojo
,,,,,,,,,,,,,,,,,,,,,,,Rojo
,,,,,,,,,,,,,,,,,,,,,,,Verde
,,,,,,,,,,,,,,,,,,,,,,,Rojo
,,,,,,,,,,,,,,,,,,,,,,,Verde
,,,,,,,,,,,,,,,,,,,,,,,Rojo
,,,,,,,,,,,,,,,,,,,,,,,Verde
,,,,,,,,,,,,,,,,,,,,,,,Verde
,,,,,,,,,,,,,,,,,,,,,,,Rojo
,,,,,,,,,,,,,,,,,,,,,,,Rojo
,,,,,,,,,,,,,,,,,,,,,,,Verde
,,,,,,,,,,,,,,,,,,,,,,,Rojo
,,,,,,,,,,,,,,,,,,,,,,,Verde
,,,,,,,,,,,,,,,,,,,,,,,Rojo
,,,,,,,,,,,,,,,,,,,,,,,Rojo
,,,,,,,,,,,,,,,,,,,,,,,Amarillo
,,,,,,,,,,,,,,,,,,,,,,,Rojo
,,,,,,,,,,,,,,,,,,,,,,,Rojo
,,,,,,,,,,,,,,,,,,,,,,,Rojo
,,,,,,,,,,,,,,,,,,,,,,,Verde
,,,,,,,,,,,,,,,,,,,,,,,Rojo
,,,,,,,,,,,,,,,,,,,,,,,Rojo
,,,,,,,,,,,,,,,,,,,,,,,Rojo
,,,,,,,,,,,,,,,,,,,,,,,Rojo
,,,,,,,,,,,,,,,,,,,,,,,Verde
,,,,,,,,,,,,,,,,,,,,,,,Verde
,,,,,,,,,,,,,,,,,,,,,,,Verde
,,,,,,,,,,,,,,,,,,,,,,,Verde
,,,,,,,,,,,,,,,,,,,,,,,Amarillo
,,,,,,,,,,,,,,,,,,,,,,,Verde
,,,,,,,,,,,,,,,,,,,,,,,Verde
,,,,,,,,,,,,,,,,,,,,,,,Verde
,,,,,,,,,,,,,,,,,,,,,,,Amarillo
,,,,,,,,,,,,,,,,,,,,,,,Verde
,,,,,,,,,,,,,,,,,,,,,,,Rojo
,,,,,,,,,,,,,,,,,,,,,,,Amarillo
,,,,,,,,,,,,,,,,,,,,,,,Rojo
,,,,,,,,,,,,,,,,,,,,,,,Verde
,,,,,,,,,,,,,,,,,,,,,,,Verde
,,,,,,,,,,,,,,,,,,,,,,,Verde
,,,,,,,,,,,,,,,,,,,,,,,Verde
,,,,,,,,,,,,,,,,,,,,,,,Amarillo
,,,,,,,,,,,,,,,,,,,,,,,Rojo
,,,,,,,,,,,,,,,,,,,,,,,Amarillo
,,,,,,,,,,,,,,,,,,,,,,,Rojo
,,,,,,,,,,,,,,,,,,,,,,,Rojo
,,,,,,,,,,,,,,,,,,,,,,,Verde
,,,,,,,,,,,,,,,,,,,,,,,Rojo
,,,,,,,,,,,,,,,,,,,,,,,Rojo
,,,,,,,,,,,,,,,,,,,,,,,Rojo
,,,,,,,,,,,,,,,,,,,,,,,Rojo
,,,,,,,,,,,,,,,,,,,,,,,Rojo
,,,,,,,,,,,,,,,,,,,,,,,Verde
,,,,,,,,,,,,,,,,,,,,,,,Rojo
,,,,,,,,,,,,,,,,,,,,,,,Rojo
,,,,,,,,,,,,,,,,,,,,,,,Rojo
,,,,,,,,,,,,,,,,,,,,,,,Rojo
,,,,,,,,,,,,,,,,,,,,,,,Rojo
,,,,,,,,,,,,,,,,,,,,,,,Rojo
,,,,,,,,,,,,,,,,,,,,,,,Rojo
,,,,,,,,,,,,,,,,,,,,,,,Verde
,,,,,,,,,,,,,,,,,,,,,,,Verde
,,,,,,,,,,,,,,,,,,,,,,,Verde
,,,,,,,,,,,,,,,,,,,,,,,Verde
,,,,,,,,,,,,,,,,,,,,,,,Verde
,,,,,,,,,,,,,,,,,,,,,,,Rojo
,,,,,,,,,,,,,,,,,,,,,,,Rojo
,,,,,,,,,,,,,,,,,,,,,,,Rojo
,,,,,,,,,,,,,,,,,,,,,,,Amarillo
,,,,,,,,,,,,,,,,,,,,,,,Verde
,,,,,,,,,,,,,,,,,,,,,,,Verde
,,,,,,,,,,,,,,,,,,,,,,,Amarillo
,,,,,,,,,,,,,,,,,,,,,,,Amarillo
,,,,,,,,,,,,,,,,,,,,,,,Verde
,,,,,,,,,,,,,,,,,,,,,,,Amarillo
,,,,,,,,,,,,,,,,,,,,,,,Amarillo
,,,,,,,,,,,,,,,,,,,,,,,Rojo
,,,,,,,,,,,,,,,,,,,,,,,Rojo
,,,,,,,,,,,,,,,,,,,,,,,Rojo
,,,,,,,,,,,,,,,,,,,,,,,Rojo
,,,,,,,,,,,,,,,,,,,,,,,Rojo
,,,,,,,,,,,,,,,,,,,,,,,Rojo
,,,,,,,,,,,,,,,,,,,,,,,Rojo
,,,,,,,,,,,,,,,,,,,,,,,Amarillo
,,,,,,,,,,,,,,,,,,,,,,,Rojo
,,,,,,,,,,,,,,,,,,,,,,,Rojo
,,,,,,,,,,,,,,,,,,,,,,,Rojo
,,,,,,,,,,,,,,,,,,,,,,,Amarillo
,,,,,,,,,,,,,,,,,,,,,,,Amarillo
,,,,,,,,,,,,,,,,,,,,,,,Amarillo
,,,,,,,,,,,,,,,,,,,,,,,Verde
,,,,,,,,,,,,,,,,,,,,,,,Amarillo
,,,,,,,,,,,,,,,,,,,,,,,Verde
,,,,,,,,,,,,,,,,,,,,,,,Amarillo
,,,,,,,,,,,,,,,,,,,,,,,Amarillo
,,,,,,,,,,,,,,,,,,,,,,,Amarillo
,,,,,,,,,,,,,,,,,,,,,,,Amarillo
,,,,,,,,,,,,,,,,,,,,,,,Amarillo
,,,,,,,,,,,,,,,,,,,,,,,Amarillo
,,,,,,,,,,,,,,,,,,,,,,,Rojo
,,,,,,,,,,,,,,,,,,,,,,,Rojo
,,,,,,,,,,,,,,,,,,,,,,,Verde
,,,,,,,,,,,,,,,,,,,,,,,Rojo
,,,,,,,,,,,,,,,,,,,,,,,Amarillo
,,,,,,,,,,,,,,,,,,,,,,,Amarillo
,,,,,,,,,,,,,,,,,,,,,,,Amarillo
,,,,,,,,,,,,,,,,,,,,,,,Amarillo
,,,,,,,,,,,,,,,,,,,,,,,Rojo
,,,,,,,,,,,,,,,,,,,,,,,Amarillo
,,,,,,,,,,,,,,,,,,,,,,,Rojo
,,,,,,,,,,,,,,,,,,,,,,,Rojo
,,,,,,,,,,,,,,,,,,,,,,,Rojo
,,,,,,,,,,,,,,,,,,,,,,,Amarillo
,,,,,,,,,,,,,,,,,,,,,,,Rojo
,,,,,,,,,,,,,,,,,,,,,,,Rojo
,,,,,,,,,,,,,,,,,,,,,,,Rojo
,,,,,,,,,,,,,,,,,,,,,,,Amarillo
,,,,,,,,,,,,,,,,,,,,,,,Amarillo
,,,,,,,,,,,,,,,,,,,,,,,Amarillo
,,,,,,,,,,,,,,,,,,,,,,,Amarillo
,,,,,,,,,,,,,,,,,,,,,,,Amarillo
,,,,,,,,,,,,,,,,,,,,,,,Amarillo
,,,,,,,,,,,,,,,,,,,,,,,Amarillo
,,,,,,,,,,,,,,,,,,,,,,,Amarillo
,,,,,,,,,,,,,,,,,,,,,,,Rojo
,,,,,,,,,,,,,,,,,,,,,,,Rojo
,,,,,,,,,,,,,,,,,,,,,,,Amarillo
,,,,,,,,,,,,,,,,,,,,,,,Rojo
,,,,,,,,,,,,,,,,,,,,,,,Amarillo
,,,,,,,,,,,,,,,,,,,,,,,Rojo
,,,,,,,,,,,,,,,,,,,,,,,Amarillo
,,,,,,,,,,,,,,,,,,,,,,,Amarillo
,,,,,,,,,,,,,,,,,,,,,,,Amarillo
,,,,,,,,,,,,,,,,,,,,,,,Amarillo
,,,,,,,,,,,,,,,,,,,,,,,Amarillo
,,,,,,,,,,,,,,,,,,,,,,,Amarillo
,,,,,,,,,,,,,,,,,,,,,,,Amarillo
,,,,,,,,,,,,,,,,,,,,,,,Amarillo
,,,,,,,,,,,,,,,,,,,,,,,Rojo
,,,,,,,,,,,,,,,,,,,,,,,Amarillo
,,,,,,,,,,,,,,,,,,,,,,,Rojo
,,,,,,,,,,,,,,,,,,,,,,,Verde
,,,,,,,,,,,,,,,,,,,,,,,Amarillo
,,,,,,,,,,,,,,,,,,,,,,,Amarillo
,,,,,,,,,,,,,,,,,,,,,,,Rojo
,,,,,,,,,,,,,,,,,,,,,,,Amarillo
,,,,,,,,,,,,,,,,,,,,,,,Amarillo
,,,,,,,,,,,,,,,,,,,,,,,Amarillo
,,,,,,,,,,,,,,,,,,,,,,,Verde
,,,,,,,,,,,,,,,,,,,,,,,Rojo
,,,,,,,,,,,,,,,,,,,,,,,Amarillo
,,,,,,,,,,,,,,,,,,,,,,,Amarillo
,,,,,,,,,,,,,,,,,,,,,,,Verde
,,,,,,,,,,,,,,,,,,,,,,,Rojo
,,,,,,,,,,,,,,,,,,,,,,,Verde
,,,,,,,,,,,,,,,,,,,,,,,Verde
,,,,,,,,,,,,,,,,,,,,,,,Verde
,,,,,,,,,,,,,,,,,,,,,,,Verde
,,,,,,,,,,,,,,,,,,,,,,,Verde
,,,,,,,,,,,,,,,,,,,,,,,Verde
,,,,,,,,,,,,,,,,,,,,,,,Verde
,,,,,,,,,,,,,,,,,,,,,,,Rojo
,,,,,,,,,,,,,,,,,,,,,,,Rojo
,,,,,,,,,,,,,,,,,,,,,,,Rojo
,,,,,,,,,,,,,,,,,,,,,,,Amarillo
,,,,,,,,,,,,,,,,,,,,,,,Verde
,,,,,,,,,,,,,,,,,,,,,,,Verde
,,,,,,,,,,,,,,,,,,,,,,,Verde
,,,,,,,,,,,,,,,,,,,,,,,Amarillo
,,,,,,,,,,,,,,,,,,,,,,,Rojo
,,,,,,,,,,,,,,,,,,,,,,,Rojo
,,,,,,,,,,,,,,,,,,,,,,,Rojo
,,,,,,,,,,,,,,,,,,,,,,,Rojo
,,,,,,,,,,,,,,,,,,,,,,,Rojo
,,,,,,,,,,,,,,,,,,,,,,,Rojo
,,,,,,,,,,,,,,,,,,,,,,,Rojo
,,,,,,,,,,,,,,,,,,,,,,,Rojo
,,,,,,,,,,,,,,,,,,,,,,,Amarillo
,,,,,,,,,,,,,,,,,,,,,,,Rojo
,,,,,,,,,,,,,,,,,,,,,,,Rojo
,,,,,,,,,,,,,,,,,,,,,,,Rojo
,,,,,,,,,,,,,,,,,,,,,,,Rojo
,,,,,,,,,,,,,,,,,,,,,,,Rojo
,,,,,,,,,,,,,,,,,,,,,,,Amarillo
,,,,,,,,,,,,,,,,,,,,,,,Amarillo
,,,,,,,,,,,,,,,,,,,,,,,Amarillo
,,,,,,,,,,,,,,,,,,,,,,,Amarillo
,,,,,,,,,,,,,,,,,,,,,,,Amarillo
,,,,,,,,,,,,,,,,,,,,,,,Amarillo
,,,,,,,,,,,,,,,,,,,,,,,Rojo
,,,,,,,,,,,,,,,,,,,,,,,Rojo
,,,,,,,,,,,,,,,,,,,,,,,Rojo
,,,,,,,,,,,,,,,,,,,,,,,Amarillo
,,,,,,,,,,,,,,,,,,,,,,,Rojo
,,,,,,,,,,,,,,,,,,,,,,,Verde
,,,,,,,,,,,,,,,,,,,,,,,Verde
,,,,,,,,,,,,,,,,,,,,,,,Rojo
,,,,,,,,,,,,,,,,,,,,,,,Verde
,,,,,,,,,,,,,,,,,,,,,,,Verde
,,,,,,,,,,,,,,,,,,,,,,,Rojo
,,,,,,,,,,,,,,,,,,,,,,,Verde
,,,,,,,,,,,,,,,,,,,,,,,Rojo
,,,,,,,,,,,,,,,,,,,,,,,Rojo
,,,,,,,,,,,,,,,,,,,,,,,Rojo
,,,,,,,,,,,,,,,,,,,,,,,Rojo
,,,,,,,,,,,,,,,,,,,,,,,Rojo
,,,,,,,,,,,,,,,,,,,,,,,Rojo
,,,,,,,,,,,,,,,,,,,,,,,Rojo
,,,,,,,,,,,,,,,,,,,,,,,Rojo
,,,,,,,,,,,,,,,,,,,,,,,Rojo
,,,,,,,,,,,,,,,,,,,,,,,Verde
,,,,,,,,,,,,,,,,,,,,,,,Amarillo
,,,,,,,,,,,,,,,,,,,,,,,Verde
